"CreationDate","UserIds","Operations","Workload","ResultStatus","ObjectIdExported","AuditDataExported","ClientIpExported","LocationExported","PrivateContentExported"
"5/14/2026 10:49:59 PM","SeungHunJeong@democompany1016.onmicrosoft.com","Search",,,"No","No","No","No","No"
"5/14/2026 10:49:56 PM","SeungHunJeong@democompany1016.onmicrosoft.com","Search",,,"No","No","No","No","No"
"5/14/2026 10:46:57 PM","SeungHunJeong@democompany1016.onmicrosoft.com","Get-QuarantineMessage",,,"No","No","No","No","No"
"5/14/2026 10:46:56 PM","SeungHunJeong@democompany1016.onmicrosoft.com","Search",,,"No","No","No","No","No"
"5/14/2026 10:46:49 PM","SeungHunJeong@democompany1016.onmicrosoft.com","Validate",,,"No","No","No","No","No"
"5/14/2026 10:46:49 PM","SeungHunJeong@democompany1016.onmicrosoft.com","Validate",,,"No","No","No","No","No"
"5/14/2026 10:46:49 PM","SeungHunJeong@democompany1016.onmicrosoft.com","Validate",,,"No","No","No","No","No"
"5/14/2026 10:46:48 PM","0cda8d96-61ae-4c67-99db-f849200b1dea","Search",,,"No","No","No","No","No"
"5/14/2026 10:46:47 PM","SeungHunJeong@democompany1016.onmicrosoft.com","Search",,,"No","No","No","No","No"
"5/14/2026 10:46:47 PM","SeungHunJeong@democompany1016.onmicrosoft.com","Search",,,"No","No","No","No","No"
"5/14/2026 10:46:46 PM","SeungHunJeong@democompany1016.onmicrosoft.com","Aggregate",,,"No","No","No","No","No"
"5/14/2026 10:44:49 PM","seunghunjeong@democompany1016.onmicrosoft.com","UserLoggedIn",,,"No","No","No","No","No"
"5/14/2026 10:44:45 PM","seunghunjeong@democompany1016.onmicrosoft.com","UserLoginFailed",,,"No","No","No","No","No"
"5/14/2026 10:33:36 PM","SeungHunJeong@democompany1016.onmicrosoft.com","Validate",,,"No","No","No","No","No"
"5/14/2026 10:33:36 PM","SeungHunJeong@democompany1016.onmicrosoft.com","Validate",,,"No","No","No","No","No"
"5/14/2026 10:33:35 PM","SeungHunJeong@democompany1016.onmicrosoft.com","Validate",,,"No","No","No","No","No"
"5/14/2026 10:33:35 PM","0cda8d96-61ae-4c67-99db-f849200b1dea","Search",,,"No","No","No","No","No"
"5/14/2026 10:33:34 PM","SeungHunJeong@democompany1016.onmicrosoft.com","Search",,,"No","No","No","No","No"
"5/14/2026 10:33:34 PM","SeungHunJeong@democompany1016.onmicrosoft.com","Search",,,"No","No","No","No","No"
"5/14/2026 10:33:34 PM","SeungHunJeong@democompany1016.onmicrosoft.com","Search",,,"No","No","No","No","No"
"5/14/2026 10:33:33 PM","SeungHunJeong@democompany1016.onmicrosoft.com","Search",,,"No","No","No","No","No"
"5/14/2026 10:33:33 PM","0cda8d96-61ae-4c67-99db-f849200b1dea","Search",,,"No","No","No","No","No"
"5/14/2026 10:33:32 PM","seunghunjeong@democompany1016.onmicrosoft.com","UserLoggedIn",,,"No","No","No","No","No"
"5/14/2026 10:33:32 PM","seunghunjeong@democompany1016.onmicrosoft.com","UserLoggedIn",,,"No","No","No","No","No"
"5/14/2026 10:33:32 PM","seunghunjeong@democompany1016.onmicrosoft.com","UserLoggedIn",,,"No","No","No","No","No"
"5/14/2026 10:33:32 PM","seunghunjeong@democompany1016.onmicrosoft.com","UserLoggedIn",,,"No","No","No","No","No"
"5/14/2026 10:33:21 PM","seunghunjeong@democompany1016.onmicrosoft.com","UserLoggedIn",,,"No","No","No","No","No"
"5/14/2026 10:33:16 PM","seunghunjeong@democompany1016.onmicrosoft.com","UserLoggedIn",,,"No","No","No","No","No"
"5/14/2026 10:33:16 PM","seunghunjeong@democompany1016.onmicrosoft.com","UserLoggedIn",,,"No","No","No","No","No"
"5/14/2026 10:33:16 PM","seunghunjeong@democompany1016.onmicrosoft.com","UserLoggedIn",,,"No","No","No","No","No"
"5/14/2026 10:33:16 PM","seunghunjeong@democompany1016.onmicrosoft.com","UserLoggedIn",,,"No","No","No","No","No"
"5/14/2026 10:33:16 PM","seunghunjeong@democompany1016.onmicrosoft.com","UserLoggedIn",,,"No","No","No","No","No"
"5/14/2026 10:33:12 PM","seunghunjeong@democompany1016.onmicrosoft.com","UserLoggedIn",,,"No","No","No","No","No"
"5/14/2026 10:32:55 PM","seunghunjeong@democompany1016.onmicrosoft.com","UserLoggedIn",,,"No","No","No","No","No"
"5/14/2026 10:32:53 PM","0cda8d96-61ae-4c67-99db-f849200b1dea","UserLoggedIn",,,"No","No","No","No","No"
"5/14/2026 10:32:53 PM","seunghunjeong@democompany1016.onmicrosoft.com","UserLoggedIn",,,"No","No","No","No","No"
"5/14/2026 10:32:52 PM","Not Available","UserLoggedIn",,,"No","No","No","No","No"
"5/14/2026 10:32:51 PM","Not Available","UserLoggedIn",,,"No","No","No","No","No"
"5/14/2026 10:32:49 PM","Not Available","UserLoggedIn",,,"No","No","No","No","No"
"5/14/2026 10:32:48 PM","Not Available","UserLoggedIn",,,"No","No","No","No","No"
"5/14/2026 10:32:47 PM","Not Available","UserLoggedIn",,,"No","No","No","No","No"
"5/14/2026 10:32:46 PM","Not Available","UserLoggedIn",,,"No","No","No","No","No"
"5/14/2026 10:32:45 PM","seunghunjeong@democompany1016.onmicrosoft.com","UserLoginFailed",,,"No","No","No","No","No"
"5/14/2026 10:32:39 PM","seunghunjeong@democompany1016.onmicrosoft.com","UserLoginFailed",,,"No","No","No","No","No"
"5/14/2026 9:40:22 PM","SeungHunJeong@democompany1016.onmicrosoft.com","New-SafeAttachmentPolicy",,,"No","No","No","No","No"
"5/14/2026 9:36:04 PM","SeungHunJeong@democompany1016.onmicrosoft.com","New-SafeLinksPolicy",,,"No","No","No","No","No"
"5/14/2026 9:21:40 PM","SeungHunJeong@democompany1016.onmicrosoft.com","Validate",,,"No","No","No","No","No"
"5/14/2026 9:21:36 PM","SeungHunJeong@democompany1016.onmicrosoft.com","Validate",,,"No","No","No","No","No"
"5/14/2026 9:20:27 PM","0cda8d96-61ae-4c67-99db-f849200b1dea","Search",,,"No","No","No","No","No"
"5/14/2026 9:20:19 PM","SeungHunJeong@democompany1016.onmicrosoft.com","Validate",,,"No","No","No","No","No"
"5/14/2026 9:20:19 PM","SeungHunJeong@democompany1016.onmicrosoft.com","Validate",,,"No","No","No","No","No"
"5/14/2026 9:20:19 PM","SeungHunJeong@democompany1016.onmicrosoft.com","Validate",,,"No","No","No","No","No"
"5/14/2026 9:20:18 PM","0cda8d96-61ae-4c67-99db-f849200b1dea","Search",,,"No","No","No","No","No"
"5/14/2026 9:20:17 PM","SeungHunJeong@democompany1016.onmicrosoft.com","Search",,,"No","No","No","No","No"
"5/14/2026 9:20:17 PM","SeungHunJeong@democompany1016.onmicrosoft.com","Search",,,"No","No","No","No","No"
"5/14/2026 9:20:17 PM","SeungHunJeong@democompany1016.onmicrosoft.com","Validate",,,"No","No","No","No","No"
"5/14/2026 9:20:17 PM","SeungHunJeong@democompany1016.onmicrosoft.com","Search",,,"No","No","No","No","No"
"5/14/2026 9:20:17 PM","SeungHunJeong@democompany1016.onmicrosoft.com","Search",,,"No","No","No","No","No"
"5/14/2026 9:20:16 PM","SeungHunJeong@democompany1016.onmicrosoft.com","Validate",,,"No","No","No","No","No"
"5/14/2026 9:19:49 PM","seunghunjeong@democompany1016.onmicrosoft.com","UserLoggedIn",,,"No","No","No","No","No"
"5/14/2026 8:53:02 PM","seunghunjeong@democompany1016.onmicrosoft.com","UserLoggedIn",,,"No","No","No","No","No"
"5/14/2026 8:53:00 PM","seunghunjeong@democompany1016.onmicrosoft.com","UserLoginFailed",,,"No","No","No","No","No"
"5/14/2026 6:48:29 PM","ServicePrincipal_aa238db1-1abf-41fb-825d-90f5e5c8d49f","Update agreement.",,,"No","No","No","No","No"
"5/14/2026 6:19:04 PM","seunghunjeong@democompany1016.onmicrosoft.com","UserLoggedIn",,,"No","No","No","No","No"
"5/14/2026 5:59:09 PM","seunghunjeong@democompany1016.onmicrosoft.com","UserLoggedIn",,,"No","No","No","No","No"
"5/14/2026 5:53:04 PM","seunghunjeong@democompany1016.onmicrosoft.com","UserLoggedIn",,,"No","No","No","No","No"
"5/14/2026 5:53:02 PM","SeungHunJeong@democompany1016.onmicrosoft.com","Consent to application.",,,"No","No","No","No","No"
"5/14/2026 5:53:02 PM","seunghunjeong@democompany1016.onmicrosoft.com","UserLoggedIn",,,"No","No","No","No","No"
"5/14/2026 5:53:02 PM","SeungHunJeong@democompany1016.onmicrosoft.com","Add delegated permission grant.",,,"No","No","No","No","No"
"5/14/2026 5:53:02 PM","SeungHunJeong@democompany1016.onmicrosoft.com","Remove delegated permission grant.",,,"No","No","No","No","No"
"5/14/2026 5:52:56 PM","seunghunjeong@democompany1016.onmicrosoft.com","UserLoginFailed",,,"No","No","No","No","No"
"5/14/2026 5:38:08 PM","sophia.martinez@summitridge-mfg.com","UserLoggedIn",,,"No","No","No","No","No"
"5/14/2026 5:37:34 PM","ServicePrincipal_e5148362-bde7-4a99-9af5-c1eed30b4f71","Remove member from role.",,,"No","No","No","No","No"
"5/14/2026 5:19:02 PM","ServicePrincipal_e5148362-bde7-4a99-9af5-c1eed30b4f71","Remove member from role.",,,"No","No","No","No","No"
"5/14/2026 4:20:27 PM","sophia.martinez@summitridge-mfg.com","UserLoggedIn",,,"No","No","No","No","No"
"5/14/2026 4:20:12 PM","ServicePrincipal_e5148362-bde7-4a99-9af5-c1eed30b4f71","Add member to role.",,,"No","No","No","No","No"
"5/14/2026 4:19:17 PM","sophia.martinez@summitridge-mfg.com","UserLoggedIn",,,"No","No","No","No","No"
"5/14/2026 4:19:01 PM","ServicePrincipal_e5148362-bde7-4a99-9af5-c1eed30b4f71","Add member to role.",,,"No","No","No","No","No"
"5/14/2026 4:15:43 PM","sophia.martinez@summitridge-mfg.com","UserLoggedIn",,,"No","No","No","No","No"
"5/14/2026 3:29:22 PM","ServicePrincipal_e5148362-bde7-4a99-9af5-c1eed30b4f71","Add eligible member to role.",,,"No","No","No","No","No"
"5/14/2026 3:29:20 PM","ServicePrincipal_e5148362-bde7-4a99-9af5-c1eed30b4f71","Add eligible member to role.",,,"No","No","No","No","No"
"5/14/2026 3:20:39 PM","seunghunjeong@democompany1016.onmicrosoft.com","UserLoggedIn",,,"No","No","No","No","No"
"5/14/2026 3:20:36 PM","SeungHunJeong@democompany1016.onmicrosoft.com","Add delegated permission grant.",,,"No","No","No","No","No"
"5/14/2026 3:20:36 PM","seunghunjeong@democompany1016.onmicrosoft.com","UserLoggedIn",,,"No","No","No","No","No"
"5/14/2026 3:20:36 PM","SeungHunJeong@democompany1016.onmicrosoft.com","Consent to application.",,,"No","No","No","No","No"
"5/14/2026 3:20:36 PM","SeungHunJeong@democompany1016.onmicrosoft.com","Remove delegated permission grant.",,,"No","No","No","No","No"
"5/14/2026 3:20:30 PM","seunghunjeong@democompany1016.onmicrosoft.com","UserLoginFailed",,,"No","No","No","No","No"
"5/14/2026 1:42:22 PM","NT SERVICE\MSExchangeAdminApiNetCore (Microsoft.Exchange.AdminApi.NetCore)","Set-ConditionalAccessPolicy",,,"No","No","No","No","No"
"5/14/2026 1:42:21 PM","NT SERVICE\MSExchangeAdminApiNetCore (Microsoft.Exchange.AdminApi.NetCore)","Set-ConditionalAccessPolicy",,,"No","No","No","No","No"
"5/14/2026 1:41:39 PM","NT SERVICE\MSExchangeAdminApiNetCore (Microsoft.Exchange.AdminApi.NetCore)","Set-ConditionalAccessPolicy",,,"No","No","No","No","No"
"5/14/2026 1:41:38 PM","NT SERVICE\MSExchangeAdminApiNetCore (Microsoft.Exchange.AdminApi.NetCore)","Set-ConditionalAccessPolicy",,,"No","No","No","No","No"
"5/14/2026 1:04:22 PM","SecurityComplianceAlerts","AlertEntityGenerated",,,"No","No","No","No","No"
"5/14/2026 1:04:22 PM","SecurityComplianceAlerts","AlertTriggered",,,"No","No","No","No","No"
"5/14/2026 1:01:08 PM","NT SERVICE\MSExchangeAdminApiNetCore (Microsoft.Exchange.AdminApi.NetCore)","Set-Mailbox",,,"No","No","No","No","No"
"5/14/2026 1:00:51 PM","ServicePrincipal_1efff8bb-4176-4e6d-9bca-e0ac34556791","Update user.",,,"No","No","No","No","No"
"5/14/2026 1:00:51 PM","ServicePrincipal_1efff8bb-4176-4e6d-9bca-e0ac34556791","Update user.",,,"No","No","No","No","No"
"5/14/2026 1:00:51 PM","ServicePrincipal_1efff8bb-4176-4e6d-9bca-e0ac34556791","Update user.",,,"No","No","No","No","No"
"5/14/2026 1:00:51 PM","ServicePrincipal_1efff8bb-4176-4e6d-9bca-e0ac34556791","Update user.",,,"No","No","No","No","No"
"5/14/2026 1:00:49 PM","sophia.martinez@summitridge-mfg.com","FolderModified",,,"No","No","No","No","No"
"5/14/2026 1:00:49 PM","sophia.martinez@summitridge-mfg.com","FolderCreated",,,"No","No","No","No","No"
"5/14/2026 1:00:48 PM","sophia.martinez@summitridge-mfg.com","SiteCollectionCreated",,,"No","No","No","No","No"
"5/14/2026 1:00:48 PM","sophia.martinez@summitridge-mfg.com","SiteAccessWithCustomScripts",,,"No","No","No","No","No"
"5/14/2026 1:00:48 PM","sophia.martinez@summitridge-mfg.com","SiteAccessWithCustomScripts",,,"No","No","No","No","No"
"5/14/2026 1:00:48 PM","sophia.martinez@summitridge-mfg.com","SharingPolicyChanged",,,"No","No","No","No","No"
"5/14/2026 1:00:48 PM","sophia.martinez@summitridge-mfg.com","SiteCollectionAdminAdded",,,"No","No","No","No","No"
"5/14/2026 1:00:48 PM","sophia.martinez@summitridge-mfg.com","SiteCollectionAdminRemoved",,,"No","No","No","No","No"
"5/14/2026 1:00:48 PM","sophia.martinez@summitridge-mfg.com","SiteLocksChanged",,,"No","No","No","No","No"
"5/14/2026 1:00:48 PM","sophia.martinez@summitridge-mfg.com","SharingPolicyChanged",,,"No","No","No","No","No"
"5/14/2026 1:00:35 PM","13c04896-4d5e-4cfe-a8b7-950497fc474e","UserLoggedIn",,,"No","No","No","No","No"
"5/14/2026 1:00:35 PM","13c04896-4d5e-4cfe-a8b7-950497fc474e","UserLoggedIn",,,"No","No","No","No","No"
"5/14/2026 1:00:35 PM","sophia.martinez@summitridge-mfg.com","UserLoggedIn",,,"No","No","No","No","No"
"5/14/2026 1:00:35 PM","sophia.martinez@summitridge-mfg.com","UserLoggedIn",,,"No","No","No","No","No"
"5/14/2026 1:00:33 PM","Not Available","UserLoggedIn",,,"No","No","No","No","No"
"5/14/2026 1:00:33 PM","Not Available","UserLoggedIn",,,"No","No","No","No","No"
"5/14/2026 1:00:32 PM","Not Available","UserLoggedIn",,,"No","No","No","No","No"
"5/14/2026 1:00:32 PM","Not Available","UserLoggedIn",,,"No","No","No","No","No"
"5/14/2026 1:00:30 PM","Not Available","UserLoggedIn",,,"No","No","No","No","No"
"5/14/2026 1:00:30 PM","Not Available","UserLoggedIn",,,"No","No","No","No","No"
"5/14/2026 1:00:29 PM","Not Available","UserLoggedIn",,,"No","No","No","No","No"
"5/14/2026 1:00:29 PM","Not Available","UserLoggedIn",,,"No","No","No","No","No"
"5/14/2026 1:00:28 PM","Not Available","UserLoggedIn",,,"No","No","No","No","No"
"5/14/2026 1:00:28 PM","Not Available","UserLoggedIn",,,"No","No","No","No","No"
"5/14/2026 1:00:27 PM","Not Available","UserLoggedIn",,,"No","No","No","No","No"
"5/14/2026 1:00:27 PM","Not Available","UserLoggedIn",,,"No","No","No","No","No"
"5/14/2026 1:00:26 PM","Not Available","UserLoggedIn",,,"No","No","No","No","No"
"5/14/2026 1:00:26 PM","Not Available","UserLoggedIn",,,"No","No","No","No","No"
"5/14/2026 1:00:24 PM","Not Available","UserLoggedIn",,,"No","No","No","No","No"
"5/14/2026 1:00:24 PM","Not Available","UserLoggedIn",,,"No","No","No","No","No"
"5/14/2026 1:00:23 PM","Not Available","UserLoggedIn",,,"No","No","No","No","No"
"5/14/2026 1:00:23 PM","Not Available","UserLoggedIn",,,"No","No","No","No","No"
"5/14/2026 1:00:22 PM","Not Available","UserLoggedIn",,,"No","No","No","No","No"
"5/14/2026 1:00:22 PM","Not Available","UserLoggedIn",,,"No","No","No","No","No"
"5/14/2026 1:00:21 PM","sophia.martinez@summitridge-mfg.com","UserLoginFailed",,,"No","No","No","No","No"
"5/14/2026 1:00:21 PM","sophia.martinez@summitridge-mfg.com","UserLoginFailed",,,"No","No","No","No","No"
"5/14/2026 1:00:09 PM","olivia.brown@summitridge-mfg.com","FolderCreated",,,"No","No","No","No","No"
"5/14/2026 1:00:09 PM","olivia.brown@summitridge-mfg.com","FolderModified",,,"No","No","No","No","No"
"5/14/2026 1:00:05 PM","6c64fdb8-a29d-4ce4-8472-1046845b0659","UserLoggedIn",,,"No","No","No","No","No"
"5/14/2026 1:00:05 PM","olivia.brown@summitridge-mfg.com","UserLoggedIn",,,"No","No","No","No","No"
"5/14/2026 1:00:05 PM","olivia.brown@summitridge-mfg.com","UserLoggedIn",,,"No","No","No","No","No"
"5/14/2026 1:00:05 PM","6c64fdb8-a29d-4ce4-8472-1046845b0659","UserLoggedIn",,,"No","No","No","No","No"
"5/14/2026 1:00:03 PM","Not Available","UserLoggedIn",,,"No","No","No","No","No"
"5/14/2026 1:00:03 PM","Not Available","UserLoggedIn",,,"No","No","No","No","No"
"5/14/2026 1:00:01 PM","Not Available","UserLoggedIn",,,"No","No","No","No","No"
"5/14/2026 1:00:01 PM","Not Available","UserLoggedIn",,,"No","No","No","No","No"
"5/14/2026 1:00:00 PM","Not Available","UserLoggedIn",,,"No","No","No","No","No"
"5/14/2026 1:00:00 PM","Not Available","UserLoggedIn",,,"No","No","No","No","No"
"5/14/2026 12:59:59 PM","Not Available","UserLoggedIn",,,"No","No","No","No","No"
"5/14/2026 12:59:57 PM","Not Available","UserLoggedIn",,,"No","No","No","No","No"
"5/14/2026 12:59:56 PM","Not Available","UserLoggedIn",,,"No","No","No","No","No"
"5/14/2026 12:59:55 PM","Not Available","UserLoggedIn",,,"No","No","No","No","No"
"5/14/2026 12:59:54 PM","Not Available","UserLoggedIn",,,"No","No","No","No","No"
"5/14/2026 12:59:54 PM","Not Available","UserLoggedIn",,,"No","No","No","No","No"
"5/14/2026 12:59:52 PM","Not Available","UserLoggedIn",,,"No","No","No","No","No"
"5/14/2026 12:59:51 PM","Not Available","UserLoggedIn",,,"No","No","No","No","No"
"5/14/2026 12:59:50 PM","Not Available","UserLoggedIn",,,"No","No","No","No","No"
"5/14/2026 12:59:49 PM","Not Available","UserLoggedIn",,,"No","No","No","No","No"
"5/14/2026 12:59:48 PM","Not Available","UserLoggedIn",,,"No","No","No","No","No"
"5/14/2026 12:59:47 PM","olivia.brown@summitridge-mfg.com","UserLoginFailed",,,"No","No","No","No","No"
"5/14/2026 12:59:33 PM","emma.wilson@summitridge-mfg.com","UserLoggedIn",,,"No","No","No","No","No"
"5/14/2026 12:59:31 PM","9106bbd9-226b-4dd5-9f29-18b472072115","UserLoggedIn",,,"No","No","No","No","No"
"5/14/2026 12:59:31 PM","emma.wilson@summitridge-mfg.com","UserLoggedIn",,,"No","No","No","No","No"
"5/14/2026 12:59:28 PM","Not Available","UserLoggedIn",,,"No","No","No","No","No"
"5/14/2026 12:59:27 PM","Not Available","UserLoggedIn",,,"No","No","No","No","No"
"5/14/2026 12:59:25 PM","Not Available","UserLoggedIn",,,"No","No","No","No","No"
"5/14/2026 12:59:25 PM","Not Available","UserLoggedIn",,,"No","No","No","No","No"
"5/14/2026 12:59:23 PM","Not Available","UserLoggedIn",,,"No","No","No","No","No"
"5/14/2026 12:59:22 PM","Not Available","UserLoggedIn",,,"No","No","No","No","No"
"5/14/2026 12:59:22 PM","Not Available","UserLoggedIn",,,"No","No","No","No","No"
"5/14/2026 12:59:20 PM","Not Available","UserLoggedIn",,,"No","No","No","No","No"
"5/14/2026 12:59:19 PM","Not Available","UserLoggedIn",,,"No","No","No","No","No"
"5/14/2026 12:59:17 PM","Not Available","UserLoggedIn",,,"No","No","No","No","No"
"5/14/2026 12:59:16 PM","Not Available","UserLoggedIn",,,"No","No","No","No","No"
"5/14/2026 12:59:15 PM","Not Available","UserLoggedIn",,,"No","No","No","No","No"
"5/14/2026 12:59:13 PM","Not Available","UserLoggedIn",,,"No","No","No","No","No"
"5/14/2026 12:59:12 PM","Not Available","UserLoggedIn",,,"No","No","No","No","No"
"5/14/2026 12:59:11 PM","Not Available","UserLoggedIn",,,"No","No","No","No","No"
"5/14/2026 12:59:10 PM","Not Available","UserLoggedIn",,,"No","No","No","No","No"
"5/14/2026 12:59:10 PM","Not Available","UserLoggedIn",,,"No","No","No","No","No"
"5/14/2026 12:59:09 PM","Not Available","UserLoggedIn",,,"No","No","No","No","No"
"5/14/2026 12:59:08 PM","Not Available","UserLoggedIn",,,"No","No","No","No","No"
"5/14/2026 12:59:08 PM","Not Available","UserLoggedIn",,,"No","No","No","No","No"
"5/14/2026 12:59:06 PM","Not Available","UserLoggedIn",,,"No","No","No","No","No"
"5/14/2026 12:59:05 PM","emma.wilson@summitridge-mfg.com","UserLoginFailed",,,"No","No","No","No","No"
"5/14/2026 12:58:40 PM","emma.wilson@summitridge-mfg.com","UserLoggedIn",,,"No","No","No","No","No"
"5/14/2026 12:58:36 PM","emma.wilson@summitridge-mfg.com","UserLoggedIn",,,"No","No","No","No","No"
"5/14/2026 12:58:36 PM","9106bbd9-226b-4dd5-9f29-18b472072115","UserLoggedIn",,,"No","No","No","No","No"
"5/14/2026 12:58:35 PM","Not Available","UserLoggedIn",,,"No","No","No","No","No"
"5/14/2026 12:58:35 PM","Not Available","UserLoggedIn",,,"No","No","No","No","No"
"5/14/2026 12:58:33 PM","Not Available","UserLoggedIn",,,"No","No","No","No","No"
"5/14/2026 12:58:33 PM","Not Available","UserLoggedIn",,,"No","No","No","No","No"
"5/14/2026 12:58:32 PM","Not Available","UserLoggedIn",,,"No","No","No","No","No"
"5/14/2026 12:58:31 PM","Not Available","UserLoggedIn",,,"No","No","No","No","No"
"5/14/2026 12:58:31 PM","Not Available","UserLoggedIn",,,"No","No","No","No","No"
"5/14/2026 12:58:30 PM","Not Available","UserLoggedIn",,,"No","No","No","No","No"
"5/14/2026 12:58:30 PM","Not Available","UserLoggedIn",,,"No","No","No","No","No"
"5/14/2026 12:58:28 PM","Not Available","UserLoggedIn",,,"No","No","No","No","No"
"5/14/2026 12:58:27 PM","emma.wilson@summitridge-mfg.com","UserLoginFailed",,,"No","No","No","No","No"
"5/14/2026 12:58:27 PM","emma.wilson@summitridge-mfg.com","UserLoginFailed",,,"No","No","No","No","No"
"5/14/2026 12:56:59 PM","SeungHunJeong@democompany1016.onmicrosoft.com","Update policy.",,,"No","No","No","No","No"
"5/14/2026 12:56:59 PM","SeungHunJeong@democompany1016.onmicrosoft.com","Update policy.",,,"No","No","No","No","No"
"5/14/2026 12:56:14 PM","SeungHunJeong@democompany1016.onmicrosoft.com","Update policy.",,,"No","No","No","No","No"
"5/14/2026 12:56:13 PM","SeungHunJeong@democompany1016.onmicrosoft.com","Update policy.",,,"No","No","No","No","No"
"5/14/2026 12:55:42 PM","emergency.access01@democompany1016.onmicrosoft.com","UserLoggedIn",,,"No","No","No","No","No"
"5/14/2026 12:55:37 PM","ServicePrincipal_db2126b5-1ecb-4848-b3eb-d1f2d7af19ec","Update user.",,,"No","No","No","No","No"
"5/14/2026 12:55:37 PM","emergency.access01@democompany1016.onmicrosoft.com","UserLoggedIn",,,"No","No","No","No","No"
"5/14/2026 12:55:17 PM","ServicePrincipal_db2126b5-1ecb-4848-b3eb-d1f2d7af19ec","Update user.",,,"No","No","No","No","No"
"5/14/2026 12:55:04 PM","ServicePrincipal_847fac5c-6e83-4dad-a0e0-ebf1bbd6dd9f","Update user.",,,"No","No","No","No","No"
"5/14/2026 12:55:04 PM","ServicePrincipal_847fac5c-6e83-4dad-a0e0-ebf1bbd6dd9f","Update user.",,,"No","No","No","No","No"
"5/14/2026 12:54:23 PM","emergency.access01@democompany1016.onmicrosoft.com","UserLoginFailed",,,"No","No","No","No","No"
"5/14/2026 12:54:21 PM","emergency.access01@democompany1016.onmicrosoft.com","UserLoggedIn",,,"No","No","No","No","No"
"5/14/2026 12:54:19 PM","emergency.access01@democompany1016.onmicrosoft.com","UserLoginFailed",,,"No","No","No","No","No"
"5/14/2026 12:53:46 PM","seunghunjeong@democompany1016.onmicrosoft.com","UserLoggedIn",,,"No","No","No","No","No"
"5/14/2026 12:28:46 PM","seunghunjeong@democompany1016.onmicrosoft.com","UserLoggedIn",,,"No","No","No","No","No"
"5/14/2026 12:28:38 PM","seunghunjeong@democompany1016.onmicrosoft.com","UserLoggedIn",,,"No","No","No","No","No"
"5/14/2026 12:28:22 PM","seunghunjeong@democompany1016.onmicrosoft.com","UserLoggedIn",,,"No","No","No","No","No"
"5/14/2026 12:28:14 PM","0cda8d96-61ae-4c67-99db-f849200b1dea","UserLoggedIn",,,"No","No","No","No","No"
"5/14/2026 12:28:14 PM","seunghunjeong@democompany1016.onmicrosoft.com","UserLoggedIn",,,"No","No","No","No","No"
"5/14/2026 12:28:14 PM","ServicePrincipal_847fac5c-6e83-4dad-a0e0-ebf1bbd6dd9f","Update user.",,,"No","No","No","No","No"
"5/14/2026 12:28:12 PM","Not Available","UserLoggedIn",,,"No","No","No","No","No"
"5/14/2026 12:28:11 PM","Not Available","UserLoggedIn",,,"No","No","No","No","No"
"5/14/2026 12:28:09 PM","Not Available","UserLoggedIn",,,"No","No","No","No","No"
"5/14/2026 12:28:08 PM","Not Available","UserLoggedIn",,,"No","No","No","No","No"
"5/14/2026 12:28:07 PM","Not Available","UserLoggedIn",,,"No","No","No","No","No"
"5/14/2026 12:28:06 PM","Not Available","UserLoggedIn",,,"No","No","No","No","No"
"5/14/2026 12:28:05 PM","Not Available","UserLoggedIn",,,"No","No","No","No","No"
"5/14/2026 12:28:03 PM","seunghunjeong@democompany1016.onmicrosoft.com","UserLoginFailed",,,"No","No","No","No","No"
"5/14/2026 6:39:36 AM","ServicePrincipal_aa238db1-1abf-41fb-825d-90f5e5c8d49f","Update agreement.",,,"No","No","No","No","No"
"5/14/2026 4:49:03 AM","sophia.martinez@summitridge-mfg.com","MailItemsAccessed",,,"No","No","No","No","No"
"5/14/2026 4:21:47 AM","NT SERVICE\MSExchangeServiceHostNetCore (Microsoft.Exchange.ServiceHost)","Remove-ConditionalAccessPolicy",,,"No","No","No","No","No"
"5/14/2026 4:21:47 AM","NT SERVICE\MSExchangeServiceHostNetCore (Microsoft.Exchange.ServiceHost)","Remove-ConditionalAccessPolicy",,,"No","No","No","No","No"
"5/14/2026 4:21:46 AM","NT SERVICE\MSExchangeServiceHostNetCore (Microsoft.Exchange.ServiceHost)","Set-ConditionalAccessPolicy",,,"No","No","No","No","No"
"5/14/2026 4:21:45 AM","NT SERVICE\MSExchangeServiceHostNetCore (Microsoft.Exchange.ServiceHost)","Set-ConditionalAccessPolicy",,,"No","No","No","No","No"
"5/14/2026 4:21:45 AM","NT SERVICE\MSExchangeServiceHostNetCore (Microsoft.Exchange.ServiceHost)","Set-ConditionalAccessPolicy",,,"No","No","No","No","No"
"5/13/2026 10:05:00 PM","NT SERVICE\MSExchangeAdminApiNetCore (Microsoft.Exchange.AdminApi.NetCore)","New-ConditionalAccessPolicy",,,"No","No","No","No","No"
"5/13/2026 10:04:45 PM","NT SERVICE\MSExchangeAdminApiNetCore (Microsoft.Exchange.AdminApi.NetCore)","Set-ConditionalAccessPolicy",,,"No","No","No","No","No"
"5/13/2026 9:50:26 PM","NT SERVICE\MSExchangeAdminApiNetCore (Microsoft.Exchange.AdminApi.NetCore)","New-ConditionalAccessPolicy",,,"No","No","No","No","No"
"5/13/2026 9:50:26 PM","NT SERVICE\MSExchangeAdminApiNetCore (Microsoft.Exchange.AdminApi.NetCore)","Set-ConditionalAccessPolicy",,,"No","No","No","No","No"
"5/13/2026 9:29:26 PM","seunghunjeong@democompany1016.onmicrosoft.com","UserLoggedIn",,,"No","No","No","No","No"
"5/13/2026 9:29:25 PM","seunghunjeong@democompany1016.onmicrosoft.com","UserLoggedIn",,,"No","No","No","No","No"
"5/13/2026 9:29:24 PM","SeungHunJeong@democompany1016.onmicrosoft.com","Remove delegated permission grant.",,,"No","No","No","No","No"
"5/13/2026 9:29:24 PM","SeungHunJeong@democompany1016.onmicrosoft.com","Consent to application.",,,"No","No","No","No","No"
"5/13/2026 9:29:24 PM","SeungHunJeong@democompany1016.onmicrosoft.com","Add delegated permission grant.",,,"No","No","No","No","No"
"5/13/2026 9:29:20 PM","seunghunjeong@democompany1016.onmicrosoft.com","UserLoginFailed",,,"No","No","No","No","No"
"5/13/2026 9:22:24 PM","emma.wilson@summitridge-mfg.com","FolderCreated",,,"No","No","No","No","No"
"5/13/2026 9:22:24 PM","emma.wilson@summitridge-mfg.com","FolderModified",,,"No","No","No","No","No"
"5/13/2026 9:22:19 PM","emma.wilson@summitridge-mfg.com","UserLoggedIn",,,"No","No","No","No","No"
"5/13/2026 9:22:16 PM","emma.wilson@summitridge-mfg.com","UserLoggedIn",,,"No","No","No","No","No"
"5/13/2026 9:19:31 PM","SeungHunJeong@democompany1016.onmicrosoft.com","Add policy.",,,"No","No","No","No","No"
"5/13/2026 9:19:31 PM","SeungHunJeong@democompany1016.onmicrosoft.com","Update policy.",,,"No","No","No","No","No"
"5/13/2026 9:16:10 PM","NT SERVICE\MSExchangeAdminApiNetCore (Microsoft.Exchange.AdminApi.NetCore)","Set-ConditionalAccessPolicy",,,"No","No","No","No","No"
"5/13/2026 9:05:01 PM","SeungHunJeong@democompany1016.onmicrosoft.com","Update policy.",,,"No","No","No","No","No"
"5/13/2026 9:05:01 PM","emergency.access01@democompany1016.onmicrosoft.com","O365SyncAdminUserPromotion",,,"No","No","No","No","No"
"5/13/2026 9:05:01 PM","SeungHunJeong@democompany1016.onmicrosoft.com","Add policy.",,,"No","No","No","No","No"
"5/13/2026 9:02:10 PM","seunghunjeong@democompany1016.onmicrosoft.com","UserLoggedIn",,,"No","No","No","No","No"
"5/13/2026 9:02:08 PM","seunghunjeong@democompany1016.onmicrosoft.com","UserLoggedIn",,,"No","No","No","No","No"
"5/13/2026 9:02:07 PM","SeungHunJeong@democompany1016.onmicrosoft.com","Add delegated permission grant.",,,"No","No","No","No","No"
"5/13/2026 9:02:07 PM","SeungHunJeong@democompany1016.onmicrosoft.com","Remove delegated permission grant.",,,"No","No","No","No","No"
"5/13/2026 9:02:07 PM","SeungHunJeong@democompany1016.onmicrosoft.com","Consent to application.",,,"No","No","No","No","No"
"5/13/2026 9:01:49 PM","seunghunjeong@democompany1016.onmicrosoft.com","UserLoginFailed",,,"No","No","No","No","No"
"5/13/2026 8:54:21 PM","seunghunjeong@democompany1016.onmicrosoft.com","UserLoggedIn",,,"No","No","No","No","No"
"5/13/2026 8:54:21 PM","seunghunjeong@democompany1016.onmicrosoft.com","UserLoggedIn",,,"No","No","No","No","No"
"5/13/2026 8:54:19 PM","SeungHunJeong@democompany1016.onmicrosoft.com","Remove delegated permission grant.",,,"No","No","No","No","No"
"5/13/2026 8:54:19 PM","seunghunjeong@democompany1016.onmicrosoft.com","UserLoggedIn",,,"No","No","No","No","No"
"5/13/2026 8:54:19 PM","SeungHunJeong@democompany1016.onmicrosoft.com","Add delegated permission grant.",,,"No","No","No","No","No"
"5/13/2026 8:54:19 PM","SeungHunJeong@democompany1016.onmicrosoft.com","Consent to application.",,,"No","No","No","No","No"
"5/13/2026 8:54:14 PM","seunghunjeong@democompany1016.onmicrosoft.com","UserLoginFailed",,,"No","No","No","No","No"
"5/13/2026 8:52:22 PM","ServicePrincipal_db2126b5-1ecb-4848-b3eb-d1f2d7af19ec","Update user.",,,"No","No","No","No","No"
"5/13/2026 8:52:14 PM","ServicePrincipal_847fac5c-6e83-4dad-a0e0-ebf1bbd6dd9f","Update user.",,,"No","No","No","No","No"
"5/13/2026 8:52:14 PM","ServicePrincipal_847fac5c-6e83-4dad-a0e0-ebf1bbd6dd9f","Update user.",,,"No","No","No","No","No"
"5/13/2026 8:52:02 PM","sophia.martinez@summitridge-mfg.com","UserLoginFailed",,,"No","No","No","No","No"
"5/13/2026 8:51:43 PM","olivia.brown@summitridge-mfg.com","UserLoggedIn",,,"No","No","No","No","No"
"5/13/2026 8:51:24 PM","olivia.brown@summitridge-mfg.com","UserLoggedIn",,,"No","No","No","No","No"
"5/13/2026 8:51:24 PM","ServicePrincipal_db2126b5-1ecb-4848-b3eb-d1f2d7af19ec","Update user.",,,"No","No","No","No","No"
"5/13/2026 8:51:13 PM","ServicePrincipal_db2126b5-1ecb-4848-b3eb-d1f2d7af19ec","Update user.",,,"No","No","No","No","No"
"5/13/2026 8:51:04 PM","ServicePrincipal_847fac5c-6e83-4dad-a0e0-ebf1bbd6dd9f","Update user.",,,"No","No","No","No","No"
"5/13/2026 8:51:04 PM","ServicePrincipal_847fac5c-6e83-4dad-a0e0-ebf1bbd6dd9f","Update user.",,,"No","No","No","No","No"
"5/13/2026 8:50:51 PM","olivia.brown@summitridge-mfg.com","UserLoginFailed",,,"No","No","No","No","No"
"5/13/2026 8:50:41 PM","ServicePrincipal_db2126b5-1ecb-4848-b3eb-d1f2d7af19ec","Update user.",,,"No","No","No","No","No"
"5/13/2026 8:50:41 PM","emma.wilson@summitridge-mfg.com","UserLoggedIn",,,"No","No","No","No","No"
"5/13/2026 8:50:41 PM","emma.wilson@summitridge-mfg.com","UserLoggedIn",,,"No","No","No","No","No"
"5/13/2026 8:50:36 PM","ServicePrincipal_db2126b5-1ecb-4848-b3eb-d1f2d7af19ec","Update user.",,,"No","No","No","No","No"
"5/13/2026 8:50:26 PM","emma.wilson@summitridge-mfg.com","MailItemsAccessed",,,"No","No","No","No","No"
"5/13/2026 8:50:08 PM","ServicePrincipal_847fac5c-6e83-4dad-a0e0-ebf1bbd6dd9f","Update user.",,,"No","No","No","No","No"
"5/13/2026 8:50:08 PM","ServicePrincipal_847fac5c-6e83-4dad-a0e0-ebf1bbd6dd9f","Update user.",,,"No","No","No","No","No"
"5/13/2026 8:49:50 PM","emma.wilson@summitridge-mfg.com","UserLoginFailed",,,"No","No","No","No","No"
"5/13/2026 8:47:46 PM","olivia.brown@summitridge-mfg.com","MailItemsAccessed",,,"No","No","No","No","No"
"5/13/2026 8:39:24 PM","ServicePrincipal_e5148362-bde7-4a99-9af5-c1eed30b4f71","Add member to role.",,,"No","No","No","No","No"
"5/13/2026 8:38:05 PM","ServicePrincipal_e5148362-bde7-4a99-9af5-c1eed30b4f71","Add eligible member to role.",,,"No","No","No","No","No"
"5/13/2026 8:37:15 PM","SeungHunJeong@democompany1016.onmicrosoft.com","Add member to group.",,,"No","No","No","No","No"
"5/13/2026 8:36:46 PM","SeungHunJeong@democompany1016.onmicrosoft.com","Add user.",,,"No","No","No","No","No"
"5/13/2026 8:36:46 PM","SeungHunJeong@democompany1016.onmicrosoft.com","Update PasswordProfile.",,,"No","No","No","No","No"
"5/13/2026 8:36:10 PM","SeungHunJeong@democompany1016.onmicrosoft.com","Add group.",,,"No","No","No","No","No"
"5/13/2026 8:33:27 PM","SeungHunJeong@democompany1016.onmicrosoft.com","Add member to group.",,,"No","No","No","No","No"
"5/13/2026 8:33:26 PM","SeungHunJeong@democompany1016.onmicrosoft.com","Add member to group.",,,"No","No","No","No","No"
"5/13/2026 8:33:26 PM","SeungHunJeong@democompany1016.onmicrosoft.com","Add member to group.",,,"No","No","No","No","No"
"5/13/2026 8:32:54 PM","SeungHunJeong@democompany1016.onmicrosoft.com","Add group.",,,"No","No","No","No","No"
"5/13/2026 8:30:54 PM","SeungHunJeong@democompany1016.onmicrosoft.com","Update policy.",,,"No","No","No","No","No"
"5/13/2026 8:30:54 PM","SeungHunJeong@democompany1016.onmicrosoft.com","Delete policy.",,,"No","No","No","No","No"
"5/13/2026 8:30:49 PM","SeungHunJeong@democompany1016.onmicrosoft.com","Update policy.",,,"No","No","No","No","No"
"5/13/2026 8:30:49 PM","SeungHunJeong@democompany1016.onmicrosoft.com","Delete policy.",,,"No","No","No","No","No"
"5/13/2026 8:28:35 PM","seunghunjeong@democompany1016.onmicrosoft.com","UserLoggedIn",,,"No","No","No","No","No"
"5/13/2026 8:28:32 PM","SeungHunJeong@democompany1016.onmicrosoft.com","Remove delegated permission grant.",,,"No","No","No","No","No"
"5/13/2026 8:28:32 PM","SeungHunJeong@democompany1016.onmicrosoft.com","Add delegated permission grant.",,,"No","No","No","No","No"
"5/13/2026 8:28:32 PM","seunghunjeong@democompany1016.onmicrosoft.com","UserLoggedIn",,,"No","No","No","No","No"
"5/13/2026 8:28:32 PM","SeungHunJeong@democompany1016.onmicrosoft.com","Consent to application.",,,"No","No","No","No","No"
"5/13/2026 8:28:28 PM","seunghunjeong@democompany1016.onmicrosoft.com","UserLoginFailed",,,"No","No","No","No","No"
"5/13/2026 6:30:48 PM","ServicePrincipal_aa238db1-1abf-41fb-825d-90f5e5c8d49f","Update agreement.",,,"No","No","No","No","No"
"5/13/2026 6:02:46 PM","sophia.martinez@summitridge-mfg.com","MailItemsAccessed",,,"No","No","No","No","No"
"5/13/2026 6:00:50 PM","ServicePrincipal_4a74bad7-2290-4760-8f61-9659cdc53ea3","Update group.",,,"No","No","No","No","No"
"5/13/2026 6:00:49 PM","ServicePrincipal_4a74bad7-2290-4760-8f61-9659cdc53ea3","Update group.",,,"No","No","No","No","No"
"5/13/2026 6:00:49 PM","ServicePrincipal_4a74bad7-2290-4760-8f61-9659cdc53ea3","Update user.",,,"No","No","No","No","No"
"5/13/2026 6:00:49 PM","ServicePrincipal_4a74bad7-2290-4760-8f61-9659cdc53ea3","Update user.",,,"No","No","No","No","No"
"5/13/2026 6:00:49 PM","ServicePrincipal_4a74bad7-2290-4760-8f61-9659cdc53ea3","Update user.",,,"No","No","No","No","No"
"5/13/2026 6:00:44 PM","SecurityComplianceAlerts","AlertTriggered",,,"No","No","No","No","No"
"5/13/2026 6:00:44 PM","SecurityComplianceAlerts","AlertTriggered",,,"No","No","No","No","No"
"5/13/2026 6:00:44 PM","SecurityComplianceAlerts","AlertEntityGenerated",,,"No","No","No","No","No"
"5/13/2026 6:00:44 PM","SecurityComplianceAlerts","AlertEntityGenerated",,,"No","No","No","No","No"
"5/13/2026 5:59:58 PM","SecurityComplianceAlerts","AlertEntityGenerated",,,"No","No","No","No","No"
"5/13/2026 5:59:58 PM","SecurityComplianceAlerts","AlertTriggered",,,"No","No","No","No","No"
"5/13/2026 5:59:58 PM","SecurityComplianceAlerts","AlertEntityGenerated",,,"No","No","No","No","No"
"5/13/2026 5:59:58 PM","SecurityComplianceAlerts","AlertTriggered",,,"No","No","No","No","No"
"5/13/2026 5:54:39 PM","sophia.martinez@summitridge-mfg.com","MailItemsAccessed",,,"No","No","No","No","No"
"5/13/2026 5:54:36 PM","sophia.martinez@summitridge-mfg.com","UserLoggedIn",,,"No","No","No","No","No"
"5/13/2026 5:54:34 PM","sophia.martinez@summitridge-mfg.com","UserLoginFailed",,,"No","No","No","No","No"
"5/13/2026 5:54:20 PM","NT SERVICE\MSExchangeAdminApiNetCore (Microsoft.Exchange.AdminApi.NetCore)","Set-Mailbox",,,"No","No","No","No","No"
"5/13/2026 5:54:10 PM","olivia.brown@summitridge-mfg.com","Send",,,"No","No","No","No","No"
"5/13/2026 5:54:05 PM","ServicePrincipal_1efff8bb-4176-4e6d-9bca-e0ac34556791","Update user.",,,"No","No","No","No","No"
"5/13/2026 5:54:05 PM","ServicePrincipal_1efff8bb-4176-4e6d-9bca-e0ac34556791","Update user.",,,"No","No","No","No","No"
"5/13/2026 5:54:02 PM","olivia.brown@summitridge-mfg.com","SharingPolicyChanged",,,"No","No","No","No","No"
"5/13/2026 5:54:02 PM","olivia.brown@summitridge-mfg.com","SiteAccessWithCustomScripts",,,"No","No","No","No","No"
"5/13/2026 5:54:02 PM","olivia.brown@summitridge-mfg.com","SiteCollectionAdminRemoved",,,"No","No","No","No","No"
"5/13/2026 5:54:02 PM","olivia.brown@summitridge-mfg.com","SiteCollectionCreated",,,"No","No","No","No","No"
"5/13/2026 5:54:02 PM","olivia.brown@summitridge-mfg.com","SiteCollectionAdminRemoved",,,"No","No","No","No","No"
"5/13/2026 5:54:02 PM","olivia.brown@summitridge-mfg.com","SiteLocksChanged",,,"No","No","No","No","No"
"5/13/2026 5:54:02 PM","olivia.brown@summitridge-mfg.com","SharingPolicyChanged",,,"No","No","No","No","No"
"5/13/2026 5:54:02 PM","olivia.brown@summitridge-mfg.com","SiteCollectionAdminAdded",,,"No","No","No","No","No"
"5/13/2026 5:54:02 PM","olivia.brown@summitridge-mfg.com","SharingPolicyChanged",,,"No","No","No","No","No"
"5/13/2026 5:54:02 PM","olivia.brown@summitridge-mfg.com","SiteAccessWithCustomScripts",,,"No","No","No","No","No"
"5/13/2026 5:54:02 PM","olivia.brown@summitridge-mfg.com","SiteAccessWithCustomScripts",,,"No","No","No","No","No"
"5/13/2026 5:54:02 PM","olivia.brown@summitridge-mfg.com","SiteCollectionAdminAdded",,,"No","No","No","No","No"
"5/13/2026 5:54:02 PM","olivia.brown@summitridge-mfg.com","SharingPolicyChanged",,,"No","No","No","No","No"
"5/13/2026 5:54:02 PM","olivia.brown@summitridge-mfg.com","SiteLocksChanged",,,"No","No","No","No","No"
"5/13/2026 5:54:02 PM","olivia.brown@summitridge-mfg.com","SiteCollectionCreated",,,"No","No","No","No","No"
"5/13/2026 5:54:02 PM","olivia.brown@summitridge-mfg.com","SiteAccessWithCustomScripts",,,"No","No","No","No","No"
"5/13/2026 5:53:55 PM","olivia.brown@summitridge-mfg.com","Create",,,"No","No","No","No","No"
"5/13/2026 5:53:54 PM","olivia.brown@summitridge-mfg.com","MailItemsAccessed",,,"No","No","No","No","No"
"5/13/2026 5:53:26 PM","NT SERVICE\MSExchangeAdminApiNetCore (Microsoft.Exchange.AdminApi.NetCore)","Set-Mailbox",,,"No","No","No","No","No"
"5/13/2026 5:53:24 PM","olivia.brown@summitridge-mfg.com","MailItemsAccessed",,,"No","No","No","No","No"
"5/13/2026 5:53:24 PM","olivia.brown@summitridge-mfg.com","MailItemsAccessed",,,"No","No","No","No","No"
"5/13/2026 5:53:20 PM","olivia.brown@summitridge-mfg.com","UserLoggedIn",,,"No","No","No","No","No"
"5/13/2026 5:53:19 PM","olivia.brown@summitridge-mfg.com","UserLoginFailed",,,"No","No","No","No","No"
"5/13/2026 5:53:01 PM","emma.wilson@summitridge-mfg.com","MailItemsAccessed",,,"No","No","No","No","No"
"5/13/2026 5:53:01 PM","emma.wilson@summitridge-mfg.com","MailItemsAccessed",,,"No","No","No","No","No"
"5/13/2026 5:52:52 PM","emma.wilson@summitridge-mfg.com","Send",,,"No","No","No","No","No"
"5/13/2026 5:52:52 PM","ServicePrincipal_1efff8bb-4176-4e6d-9bca-e0ac34556791","Update user.",,,"No","No","No","No","No"
"5/13/2026 5:52:52 PM","ServicePrincipal_1efff8bb-4176-4e6d-9bca-e0ac34556791","Update user.",,,"No","No","No","No","No"
"5/13/2026 5:52:48 PM","emma.wilson@summitridge-mfg.com","SharingPolicyChanged",,,"No","No","No","No","No"
"5/13/2026 5:52:48 PM","emma.wilson@summitridge-mfg.com","SharingPolicyChanged",,,"No","No","No","No","No"
"5/13/2026 5:52:48 PM","emma.wilson@summitridge-mfg.com","SiteCollectionAdminAdded",,,"No","No","No","No","No"
"5/13/2026 5:52:48 PM","emma.wilson@summitridge-mfg.com","SiteCollectionCreated",,,"No","No","No","No","No"
"5/13/2026 5:52:48 PM","emma.wilson@summitridge-mfg.com","SharingPolicyChanged",,,"No","No","No","No","No"
"5/13/2026 5:52:48 PM","emma.wilson@summitridge-mfg.com","SharingPolicyChanged",,,"No","No","No","No","No"
"5/13/2026 5:52:48 PM","emma.wilson@summitridge-mfg.com","SiteCollectionAdminRemoved",,,"No","No","No","No","No"
"5/13/2026 5:52:48 PM","emma.wilson@summitridge-mfg.com","SiteCollectionAdminAdded",,,"No","No","No","No","No"
"5/13/2026 5:52:48 PM","emma.wilson@summitridge-mfg.com","SiteCollectionAdminRemoved",,,"No","No","No","No","No"
"5/13/2026 5:52:48 PM","emma.wilson@summitridge-mfg.com","SiteCollectionCreated",,,"No","No","No","No","No"
"5/13/2026 5:52:47 PM","emma.wilson@summitridge-mfg.com","SiteLocksChanged",,,"No","No","No","No","No"
"5/13/2026 5:52:47 PM","emma.wilson@summitridge-mfg.com","SiteLocksChanged",,,"No","No","No","No","No"
"5/13/2026 5:52:47 PM","emma.wilson@summitridge-mfg.com","SiteAccessWithCustomScripts",,,"No","No","No","No","No"
"5/13/2026 5:52:47 PM","emma.wilson@summitridge-mfg.com","SiteAccessWithCustomScripts",,,"No","No","No","No","No"
"5/13/2026 5:52:47 PM","emma.wilson@summitridge-mfg.com","SiteAccessWithCustomScripts",,,"No","No","No","No","No"
"5/13/2026 5:52:47 PM","emma.wilson@summitridge-mfg.com","SiteAccessWithCustomScripts",,,"No","No","No","No","No"
"5/13/2026 5:52:40 PM","emma.wilson@summitridge-mfg.com","MailItemsAccessed",,,"No","No","No","No","No"
"5/13/2026 5:52:39 PM","emma.wilson@summitridge-mfg.com","Create",,,"No","No","No","No","No"
"5/13/2026 5:52:30 PM","emma.wilson@summitridge-mfg.com","UserLoggedIn",,,"No","No","No","No","No"
"5/13/2026 5:52:27 PM","emma.wilson@summitridge-mfg.com","UserLoginFailed",,,"No","No","No","No","No"
"5/13/2026 5:52:15 PM","sophia.martinez@summitridge-mfg.com","ModifyFolderPermissions",,,"No","No","No","No","No"
"5/13/2026 5:52:13 PM","sophia.martinez@summitridge-mfg.com","UserLoggedIn",,,"No","No","No","No","No"
"5/13/2026 5:52:11 PM","sophia.martinez@summitridge-mfg.com","UserLoginFailed",,,"No","No","No","No","No"
"5/13/2026 5:51:52 PM","emma.wilson@summitridge-mfg.com","ModifyFolderPermissions",,,"No","No","No","No","No"
"5/13/2026 5:51:48 PM","emma.wilson@summitridge-mfg.com","UserLoggedIn",,,"No","No","No","No","No"
"5/13/2026 5:51:47 PM","emma.wilson@summitridge-mfg.com","UserLoginFailed",,,"No","No","No","No","No"
"5/13/2026 5:51:35 PM","olivia.brown@summitridge-mfg.com","MailItemsAccessed",,,"No","No","No","No","No"
"5/13/2026 5:51:22 PM","olivia.brown@summitridge-mfg.com","MailItemsAccessed",,,"No","No","No","No","No"
"5/13/2026 5:51:05 PM","olivia.brown@summitridge-mfg.com","ModifyFolderPermissions",,,"No","No","No","No","No"
"5/13/2026 5:51:03 PM","SeungHunJeong@democompany1016.onmicrosoft.com","MailItemsAccessed",,,"No","No","No","No","No"
"5/13/2026 5:51:03 PM","olivia.brown@summitridge-mfg.com","UserLoggedIn",,,"No","No","No","No","No"
"5/13/2026 5:51:00 PM","olivia.brown@summitridge-mfg.com","UserLoginFailed",,,"No","No","No","No","No"
"5/13/2026 5:50:46 PM","ServicePrincipal_4a74bad7-2290-4760-8f61-9659cdc53ea3","Update PasswordProfile.",,,"No","No","No","No","No"
"5/13/2026 5:50:46 PM","ServicePrincipal_4a74bad7-2290-4760-8f61-9659cdc53ea3","Update StsRefreshTokenValidFrom Timestamp.",,,"No","No","No","No","No"
"5/13/2026 5:50:46 PM","ServicePrincipal_4a74bad7-2290-4760-8f61-9659cdc53ea3","Update StsRefreshTokenValidFrom Timestamp.",,,"No","No","No","No","No"
"5/13/2026 5:50:46 PM","ServicePrincipal_4a74bad7-2290-4760-8f61-9659cdc53ea3","Update PasswordProfile.",,,"No","No","No","No","No"
"5/13/2026 5:50:46 PM","ServicePrincipal_4a74bad7-2290-4760-8f61-9659cdc53ea3","Change user password.",,,"No","No","No","No","No"
"5/13/2026 5:50:46 PM","ServicePrincipal_4a74bad7-2290-4760-8f61-9659cdc53ea3","Update StsRefreshTokenValidFrom Timestamp.",,,"No","No","No","No","No"
"5/13/2026 5:50:46 PM","ServicePrincipal_4a74bad7-2290-4760-8f61-9659cdc53ea3","Change user password.",,,"No","No","No","No","No"
"5/13/2026 5:50:46 PM","ServicePrincipal_4a74bad7-2290-4760-8f61-9659cdc53ea3","Update PasswordProfile.",,,"No","No","No","No","No"
"5/13/2026 5:50:46 PM","ServicePrincipal_4a74bad7-2290-4760-8f61-9659cdc53ea3","Change user password.",,,"No","No","No","No","No"
"5/13/2026 5:50:46 PM","ServicePrincipal_4a74bad7-2290-4760-8f61-9659cdc53ea3","Update PasswordProfile.",,,"No","No","No","No","No"
"5/13/2026 5:50:46 PM","ServicePrincipal_4a74bad7-2290-4760-8f61-9659cdc53ea3","Update StsRefreshTokenValidFrom Timestamp.",,,"No","No","No","No","No"
"5/13/2026 5:50:46 PM","ServicePrincipal_4a74bad7-2290-4760-8f61-9659cdc53ea3","Change user password.",,,"No","No","No","No","No"
"5/13/2026 5:50:46 PM","ServicePrincipal_4a74bad7-2290-4760-8f61-9659cdc53ea3","Change user password.",,,"No","No","No","No","No"
"5/13/2026 5:50:46 PM","ServicePrincipal_4a74bad7-2290-4760-8f61-9659cdc53ea3","Update StsRefreshTokenValidFrom Timestamp.",,,"No","No","No","No","No"
"5/13/2026 5:50:46 PM","ServicePrincipal_4a74bad7-2290-4760-8f61-9659cdc53ea3","Update StsRefreshTokenValidFrom Timestamp.",,,"No","No","No","No","No"
"5/13/2026 5:50:46 PM","ServicePrincipal_4a74bad7-2290-4760-8f61-9659cdc53ea3","Change user password.",,,"No","No","No","No","No"
"5/13/2026 5:50:45 PM","ServicePrincipal_4a74bad7-2290-4760-8f61-9659cdc53ea3","Update PasswordProfile.",,,"No","No","No","No","No"
"5/13/2026 5:50:45 PM","ServicePrincipal_4a74bad7-2290-4760-8f61-9659cdc53ea3","Update PasswordProfile.",,,"No","No","No","No","No"
"5/13/2026 5:50:32 PM","seunghunjeong@democompany1016.onmicrosoft.com","UserLoggedIn",,,"No","No","No","No","No"
"5/13/2026 5:44:43 PM","SeungHunJeong@democompany1016.onmicrosoft.com","MailItemsAccessed",,,"No","No","No","No","No"
"5/13/2026 5:42:57 PM","SeungHunJeong@democompany1016.onmicrosoft.com","Send",,,"No","No","No","No","No"
"5/13/2026 5:42:54 PM","SeungHunJeong@democompany1016.onmicrosoft.com","Create",,,"No","No","No","No","No"
"5/13/2026 5:42:50 PM","SeungHunJeong@democompany1016.onmicrosoft.com","Create",,,"No","No","No","No","No"
"5/13/2026 5:42:50 PM","SeungHunJeong@democompany1016.onmicrosoft.com","Send",,,"No","No","No","No","No"
"5/13/2026 5:41:55 PM","SeungHunJeong@democompany1016.onmicrosoft.com","MailItemsAccessed",,,"No","No","No","No","No"
"5/13/2026 5:41:55 PM","SeungHunJeong@democompany1016.onmicrosoft.com","MailItemsAccessed",,,"No","No","No","No","No"
"5/13/2026 5:41:48 PM","SeungHunJeong@democompany1016.onmicrosoft.com","Send",,,"No","No","No","No","No"
"5/13/2026 5:41:42 PM","SeungHunJeong@democompany1016.onmicrosoft.com","Create",,,"No","No","No","No","No"
"5/13/2026 5:41:13 PM","seunghunjeong@democompany1016.onmicrosoft.com","UserLoggedIn",,,"No","No","No","No","No"
"5/13/2026 5:37:30 PM","ServicePrincipal_4a74bad7-2290-4760-8f61-9659cdc53ea3","Update group.",,,"No","No","No","No","No"
"5/13/2026 5:37:30 PM","ServicePrincipal_4a74bad7-2290-4760-8f61-9659cdc53ea3","Update group.",,,"No","No","No","No","No"
"5/13/2026 5:37:30 PM","ServicePrincipal_4a74bad7-2290-4760-8f61-9659cdc53ea3","Update group.",,,"No","No","No","No","No"
"5/13/2026 5:37:29 PM","ServicePrincipal_4a74bad7-2290-4760-8f61-9659cdc53ea3","Update user.",,,"No","No","No","No","No"
"5/13/2026 5:37:29 PM","ServicePrincipal_4a74bad7-2290-4760-8f61-9659cdc53ea3","Update user.",,,"No","No","No","No","No"
"5/13/2026 5:37:29 PM","ServicePrincipal_4a74bad7-2290-4760-8f61-9659cdc53ea3","Update group.",,,"No","No","No","No","No"
"5/13/2026 5:37:29 PM","ServicePrincipal_4a74bad7-2290-4760-8f61-9659cdc53ea3","Update user.",,,"No","No","No","No","No"
"5/13/2026 5:37:29 PM","ServicePrincipal_4a74bad7-2290-4760-8f61-9659cdc53ea3","Update user.",,,"No","No","No","No","No"
"5/13/2026 5:37:29 PM","ServicePrincipal_4a74bad7-2290-4760-8f61-9659cdc53ea3","Update user.",,,"No","No","No","No","No"
"5/13/2026 5:37:29 PM","ServicePrincipal_4a74bad7-2290-4760-8f61-9659cdc53ea3","Update user.",,,"No","No","No","No","No"
"5/13/2026 5:37:29 PM","ServicePrincipal_4a74bad7-2290-4760-8f61-9659cdc53ea3","Update user.",,,"No","No","No","No","No"
"5/13/2026 5:37:29 PM","ServicePrincipal_4a74bad7-2290-4760-8f61-9659cdc53ea3","Update group.",,,"No","No","No","No","No"
"5/13/2026 5:37:29 PM","ServicePrincipal_4a74bad7-2290-4760-8f61-9659cdc53ea3","Update user.",,,"No","No","No","No","No"
"5/13/2026 5:37:29 PM","ServicePrincipal_4a74bad7-2290-4760-8f61-9659cdc53ea3","Update group.",,,"No","No","No","No","No"
"5/13/2026 5:37:29 PM","ServicePrincipal_4a74bad7-2290-4760-8f61-9659cdc53ea3","Update user.",,,"No","No","No","No","No"
"5/13/2026 5:01:59 PM","seunghunjeong@democompany1016.onmicrosoft.com","UserLoggedIn",,,"No","No","No","No","No"
"5/13/2026 5:01:58 PM","seunghunjeong@democompany1016.onmicrosoft.com","UserLoginFailed",,,"No","No","No","No","No"
"5/13/2026 4:36:15 PM","ServicePrincipal_3742a3fc-c48b-424f-bcfe-508cee129a3c","Update user.",,,"No","No","No","No","No"
"5/13/2026 4:36:15 PM","ServicePrincipal_3742a3fc-c48b-424f-bcfe-508cee129a3c","Update user.",,,"No","No","No","No","No"
"5/13/2026 4:36:12 PM","ServicePrincipal_3742a3fc-c48b-424f-bcfe-508cee129a3c","Update user.",,,"No","No","No","No","No"
"5/13/2026 4:35:39 PM","ServicePrincipal_f764b642-31a2-4f81-9a97-0136c2371e65","Set group license.",,,"No","No","No","No","No"
"5/13/2026 4:32:07 PM","SeungHunJeong@democompany1016.onmicrosoft.com","Add member to group.",,,"No","No","No","No","No"
"5/13/2026 4:32:06 PM","SeungHunJeong@democompany1016.onmicrosoft.com","Add member to group.",,,"No","No","No","No","No"
"5/13/2026 4:32:06 PM","SeungHunJeong@democompany1016.onmicrosoft.com","Add member to group.",,,"No","No","No","No","No"
"5/13/2026 4:30:22 PM","SeungHunJeong@democompany1016.onmicrosoft.com","Add group.",,,"No","No","No","No","No"
"5/13/2026 4:09:01 PM","seunghunjeong@democompany1016.onmicrosoft.com","UserLoggedIn",,,"No","No","No","No","No"
"5/13/2026 4:08:58 PM","seunghunjeong@democompany1016.onmicrosoft.com","UserLoginFailed",,,"No","No","No","No","No"
"5/13/2026 2:47:04 PM","seunghunjeong@democompany1016.onmicrosoft.com","UserLoggedIn",,,"No","No","No","No","No"
"5/13/2026 2:47:02 PM","seunghunjeong@democompany1016.onmicrosoft.com","UserLoggedIn",,,"No","No","No","No","No"
"5/13/2026 2:47:02 PM","seunghunjeong@democompany1016.onmicrosoft.com","UserLoggedIn",,,"No","No","No","No","No"
"5/13/2026 2:47:02 PM","SeungHunJeong@democompany1016.onmicrosoft.com","Remove delegated permission grant.",,,"No","No","No","No","No"
"5/13/2026 2:47:02 PM","SeungHunJeong@democompany1016.onmicrosoft.com","Consent to application.",,,"No","No","No","No","No"
"5/13/2026 2:47:02 PM","SeungHunJeong@democompany1016.onmicrosoft.com","Add delegated permission grant.",,,"No","No","No","No","No"
"5/13/2026 2:46:57 PM","seunghunjeong@democompany1016.onmicrosoft.com","UserLoginFailed",,,"No","No","No","No","No"
"5/13/2026 2:25:05 PM","SeungHunJeong@democompany1016.onmicrosoft.com","Update user.",,,"No","No","No","No","No"
"5/13/2026 2:25:05 PM","SeungHunJeong@democompany1016.onmicrosoft.com","Update user.",,,"No","No","No","No","No"
"5/13/2026 2:25:04 PM","SeungHunJeong@democompany1016.onmicrosoft.com","Update user.",,,"No","No","No","No","No"
"5/13/2026 2:24:53 PM","seunghunjeong@democompany1016.onmicrosoft.com","UserLoggedIn",,,"No","No","No","No","No"
"5/13/2026 2:24:50 PM","seunghunjeong@democompany1016.onmicrosoft.com","UserLoggedIn",,,"No","No","No","No","No"
"5/13/2026 2:24:50 PM","SeungHunJeong@democompany1016.onmicrosoft.com","Consent to application.",,,"No","No","No","No","No"
"5/13/2026 2:24:50 PM","SeungHunJeong@democompany1016.onmicrosoft.com","Remove delegated permission grant.",,,"No","No","No","No","No"
"5/13/2026 2:24:50 PM","SeungHunJeong@democompany1016.onmicrosoft.com","Add delegated permission grant.",,,"No","No","No","No","No"
"5/13/2026 2:24:44 PM","seunghunjeong@democompany1016.onmicrosoft.com","UserLoginFailed",,,"No","No","No","No","No"
"5/13/2026 2:03:48 PM","seunghunjeong@democompany1016.onmicrosoft.com","UserLoggedIn",,,"No","No","No","No","No"
"5/13/2026 1:57:48 PM","ServicePrincipal_4a74bad7-2290-4760-8f61-9659cdc53ea3","Update group.",,,"No","No","No","No","No"
"5/13/2026 1:57:47 PM","ServicePrincipal_4a74bad7-2290-4760-8f61-9659cdc53ea3","Update user.",,,"No","No","No","No","No"
"5/13/2026 1:57:47 PM","ServicePrincipal_4a74bad7-2290-4760-8f61-9659cdc53ea3","Update group.",,,"No","No","No","No","No"
"5/13/2026 1:57:47 PM","ServicePrincipal_4a74bad7-2290-4760-8f61-9659cdc53ea3","Update user.",,,"No","No","No","No","No"
"5/13/2026 1:57:47 PM","ServicePrincipal_4a74bad7-2290-4760-8f61-9659cdc53ea3","Update user.",,,"No","No","No","No","No"
"5/13/2026 1:57:38 PM","ServicePrincipal_4a74bad7-2290-4760-8f61-9659cdc53ea3","Update user.",,,"No","No","No","No","No"
"5/13/2026 1:44:15 PM","ServicePrincipal_4a74bad7-2290-4760-8f61-9659cdc53ea3","Update group.",,,"No","No","No","No","No"
"5/13/2026 1:44:14 PM","ServicePrincipal_4a74bad7-2290-4760-8f61-9659cdc53ea3","Add user.",,,"No","No","No","No","No"
"5/13/2026 1:44:14 PM","ServicePrincipal_4a74bad7-2290-4760-8f61-9659cdc53ea3","Add user.",,,"No","No","No","No","No"
"5/13/2026 1:44:14 PM","ServicePrincipal_4a74bad7-2290-4760-8f61-9659cdc53ea3","Update PasswordProfile.",,,"No","No","No","No","No"
"5/13/2026 1:44:14 PM","ServicePrincipal_4a74bad7-2290-4760-8f61-9659cdc53ea3","Update PasswordProfile.",,,"No","No","No","No","No"
"5/13/2026 1:44:14 PM","ServicePrincipal_4a74bad7-2290-4760-8f61-9659cdc53ea3","Update PasswordProfile.",,,"No","No","No","No","No"
"5/13/2026 1:44:14 PM","ServicePrincipal_4a74bad7-2290-4760-8f61-9659cdc53ea3","Add user.",,,"No","No","No","No","No"
"5/13/2026 1:44:14 PM","ServicePrincipal_4a74bad7-2290-4760-8f61-9659cdc53ea3","Add group.",,,"No","No","No","No","No"
"5/13/2026 1:33:51 PM","ServicePrincipal_4a74bad7-2290-4760-8f61-9659cdc53ea3","Update service principal.",,,"No","No","No","No","No"
"5/13/2026 1:33:50 PM","ServicePrincipal_4a74bad7-2290-4760-8f61-9659cdc53ea3","Update service principal.",,,"No","No","No","No","No"
"5/13/2026 1:33:48 PM","SeungHunJeong@democompany1016.onmicrosoft.com","Add user.",,,"No","No","No","No","No"
"5/13/2026 1:33:48 PM","SeungHunJeong@democompany1016.onmicrosoft.com","Update PasswordProfile.",,,"No","No","No","No","No"
"5/13/2026 1:33:22 PM","ServicePrincipal_ac875d7b-8520-4293-8ae0-f18893e875e0","Add application.",,,"No","No","No","No","No"
"5/13/2026 1:33:22 PM","ServicePrincipal_ac875d7b-8520-4293-8ae0-f18893e875e0","Add service principal.",,,"No","No","No","No","No"
"5/13/2026 1:33:22 PM","ServicePrincipal_ac875d7b-8520-4293-8ae0-f18893e875e0","Update service principal.",,,"No","No","No","No","No"
"5/13/2026 1:33:22 PM","ServicePrincipal_ac875d7b-8520-4293-8ae0-f18893e875e0","Create application – Certificates and secrets management ",,,"No","No","No","No","No"
"5/13/2026 1:33:22 PM","ServicePrincipal_ac875d7b-8520-4293-8ae0-f18893e875e0","Update application.",,,"No","No","No","No","No"
"5/13/2026 1:18:55 PM","seunghunjeong@democompany1016.onmicrosoft.com","UserLoggedIn",,,"No","No","No","No","No"
"5/13/2026 1:14:48 PM","seunghunjeong@democompany1016.onmicrosoft.com","UserLoggedIn",,,"No","No","No","No","No"
"5/13/2026 12:26:36 PM","seunghunjeong@democompany1016.onmicrosoft.com","UserLoggedIn",,,"No","No","No","No","No"
"5/13/2026 12:26:19 PM","seunghunjeong@democompany1016.onmicrosoft.com","UserLoggedIn",,,"No","No","No","No","No"
"5/13/2026 12:26:11 PM","seunghunjeong@democompany1016.onmicrosoft.com","UserLoggedIn",,,"No","No","No","No","No"
"5/13/2026 12:26:02 PM","seunghunjeong@democompany1016.onmicrosoft.com","UserLoggedIn",,,"No","No","No","No","No"
"5/13/2026 12:26:01 PM","ServicePrincipal_847fac5c-6e83-4dad-a0e0-ebf1bbd6dd9f","Update user.",,,"No","No","No","No","No"
"5/13/2026 12:26:01 PM","0cda8d96-61ae-4c67-99db-f849200b1dea","UserLoggedIn",,,"No","No","No","No","No"
"5/13/2026 12:26:00 PM","Not Available","UserLoggedIn",,,"No","No","No","No","No"
"5/13/2026 12:25:58 PM","Not Available","UserLoggedIn",,,"No","No","No","No","No"
"5/13/2026 12:25:57 PM","Not Available","UserLoggedIn",,,"No","No","No","No","No"
"5/13/2026 12:25:56 PM","Not Available","UserLoggedIn",,,"No","No","No","No","No"
"5/13/2026 12:25:55 PM","Not Available","UserLoggedIn",,,"No","No","No","No","No"
"5/13/2026 12:25:54 PM","Not Available","UserLoggedIn",,,"No","No","No","No","No"
"5/13/2026 12:25:52 PM","Not Available","UserLoggedIn",,,"No","No","No","No","No"
"5/13/2026 12:25:51 PM","Not Available","UserLoggedIn",,,"No","No","No","No","No"
"5/13/2026 12:25:50 PM","Not Available","UserLoggedIn",,,"No","No","No","No","No"
"5/13/2026 12:25:49 PM","seunghunjeong@democompany1016.onmicrosoft.com","UserLoginFailed",,,"No","No","No","No","No"
"5/13/2026 9:32:15 AM","ServicePrincipal_45309e29-fb96-4ca4-a11c-5d1bd8b54cae","Add service principal.",,,"No","No","No","No","No"
"5/13/2026 9:32:15 AM","ServicePrincipal_45309e29-fb96-4ca4-a11c-5d1bd8b54cae","Add service principal.",,,"No","No","No","No","No"
"5/13/2026 9:32:15 AM","ServicePrincipal_45309e29-fb96-4ca4-a11c-5d1bd8b54cae","Add service principal.",,,"No","No","No","No","No"
"5/13/2026 6:22:12 AM","ServicePrincipal_aa238db1-1abf-41fb-825d-90f5e5c8d49f","Update agreement.",,,"No","No","No","No","No"
"5/13/2026 4:21:18 AM","NT SERVICE\MSExchangeServiceHostNetCore (Microsoft.Exchange.ServiceHost)","Set-ConditionalAccessPolicy",,,"No","No","No","No","No"
"5/13/2026 4:21:17 AM","NT SERVICE\MSExchangeServiceHostNetCore (Microsoft.Exchange.ServiceHost)","Set-ConditionalAccessPolicy",,,"No","No","No","No","No"
"5/13/2026 4:20:13 AM","NT SERVICE\MSExchangeServiceHostNetCore (Microsoft.Exchange.ServiceHost)","Set-ConditionalAccessPolicy",,,"No","No","No","No","No"
"5/13/2026 3:33:34 AM","NT SERVICE\MSExchangeAdminApiNetCore (Microsoft.Exchange.AdminApi.NetCore)","Remove-Mailbox",,,"No","No","No","No","No"
"5/13/2026 3:33:30 AM","NT SERVICE\MSExchangeAdminApiNetCore (Microsoft.Exchange.AdminApi.NetCore)","Set-Mailbox",,,"No","No","No","No","No"
"5/13/2026 12:57:52 AM","NT SERVICE\MSExchangeAdminApiNetCore (Microsoft.Exchange.AdminApi.NetCore)","Remove-Mailbox",,,"No","No","No","No","No"
"5/13/2026 12:57:23 AM","NT SERVICE\MSExchangeAdminApiNetCore (Microsoft.Exchange.AdminApi.NetCore)","Set-Mailbox",,,"No","No","No","No","No"
"5/12/2026 7:11:07 PM","seunghunjeong@democompany1016.onmicrosoft.com","UserLoggedIn",,,"No","No","No","No","No"
"5/12/2026 7:11:05 PM","seunghunjeong@democompany1016.onmicrosoft.com","UserLoginFailed",,,"No","No","No","No","No"
"5/12/2026 6:48:23 PM","seunghunjeong@democompany1016.onmicrosoft.com","UserLoggedIn",,,"No","No","No","No","No"
"5/12/2026 6:48:23 PM","seunghunjeong@democompany1016.onmicrosoft.com","UserLoggedIn",,,"No","No","No","No","No"
"5/12/2026 6:48:20 PM","ServicePrincipal_1fbb8dfa-5f15-4f46-bf70-2f4f52d904d5","Add registered users to device.",,,"No","No","No","No","No"
"5/12/2026 6:48:20 PM","ServicePrincipal_1fbb8dfa-5f15-4f46-bf70-2f4f52d904d5","Add registered owner to device.",,,"No","No","No","No","No"
"5/12/2026 6:48:20 PM","ServicePrincipal_1fbb8dfa-5f15-4f46-bf70-2f4f52d904d5","Add device.",,,"No","No","No","No","No"
"5/12/2026 6:48:16 PM","seunghunjeong@democompany1016.onmicrosoft.com","UserLoggedIn",,,"No","No","No","No","No"
"5/12/2026 6:48:13 PM","SeungHunJeong@democompany1016.onmicrosoft.com","Add service principal.",,,"No","No","No","No","No"
"5/12/2026 6:48:13 PM","seunghunjeong@democompany1016.onmicrosoft.com","UserLoggedIn",,,"No","No","No","No","No"
"5/12/2026 6:48:13 PM","SeungHunJeong@democompany1016.onmicrosoft.com","Add app role assignment grant to user.",,,"No","No","No","No","No"
"5/12/2026 6:48:13 PM","SeungHunJeong@democompany1016.onmicrosoft.com","Add delegated permission grant.",,,"No","No","No","No","No"
"5/12/2026 6:48:13 PM","SeungHunJeong@democompany1016.onmicrosoft.com","Consent to application.",,,"No","No","No","No","No"
"5/12/2026 6:48:09 PM","seunghunjeong@democompany1016.onmicrosoft.com","UserLoginFailed",,,"No","No","No","No","No"
"5/12/2026 6:48:08 PM","0cda8d96-61ae-4c67-99db-f849200b1dea","UserLoggedIn",,,"No","No","No","No","No"
"5/12/2026 6:48:08 PM","ServicePrincipal_847fac5c-6e83-4dad-a0e0-ebf1bbd6dd9f","Update user.",,,"No","No","No","No","No"
"5/12/2026 6:48:06 PM","Not Available","UserLoggedIn",,,"No","No","No","No","No"
"5/12/2026 6:48:05 PM","Not Available","UserLoggedIn",,,"No","No","No","No","No"
"5/12/2026 6:48:04 PM","Not Available","UserLoggedIn",,,"No","No","No","No","No"
"5/12/2026 6:48:03 PM","Not Available","UserLoggedIn",,,"No","No","No","No","No"
"5/12/2026 6:48:02 PM","Not Available","UserLoggedIn",,,"No","No","No","No","No"
"5/12/2026 6:48:00 PM","Not Available","UserLoggedIn",,,"No","No","No","No","No"
"5/12/2026 6:47:59 PM","Not Available","UserLoggedIn",,,"No","No","No","No","No"
"5/12/2026 6:47:58 PM","Not Available","UserLoggedIn",,,"No","No","No","No","No"
"5/12/2026 6:47:56 PM","Not Available","UserLoggedIn",,,"No","No","No","No","No"
"5/12/2026 6:47:55 PM","seunghunjeong@democompany1016.onmicrosoft.com","UserLoginFailed",,,"No","No","No","No","No"
"5/12/2026 6:17:03 PM","ServicePrincipal_aa238db1-1abf-41fb-825d-90f5e5c8d49f","Update agreement.",,,"No","No","No","No","No"
"5/12/2026 5:49:00 PM","ServicePrincipal_be766538-fcf6-4c43-a4ee-6b0d8c6724b5","Set Company Information.",,,"No","No","No","No","No"
"5/12/2026 5:48:13 PM","NT SERVICE\MSExchangeAdminApiNetCore (Microsoft.Exchange.AdminApi.NetCore)","Remove-Mailbox",,,"No","No","No","No","No"
"5/12/2026 5:47:58 PM","NT SERVICE\MSExchangeAdminApiNetCore (Microsoft.Exchange.AdminApi.NetCore)","Set-Mailbox",,,"No","No","No","No","No"
"5/12/2026 5:47:58 PM","NT SERVICE\MSExchangeAdminApiNetCore (Microsoft.Exchange.AdminApi.NetCore)","Set-Mailbox",,,"No","No","No","No","No"
"5/12/2026 5:42:06 PM","seunghunjeong@democompany1016.onmicrosoft.com","UserLoggedIn",,,"No","No","No","No","No"
"5/12/2026 5:38:39 PM","NT SERVICE\MSExchangeAdminApiNetCore (Microsoft.Exchange.AdminApi.NetCore)","Remove-Mailbox",,,"No","No","No","No","No"
"5/12/2026 5:38:36 PM","NT SERVICE\MSExchangeAdminApiNetCore (Microsoft.Exchange.AdminApi.NetCore)","Set-Mailbox",,,"No","No","No","No","No"
"5/12/2026 5:34:00 PM","ServicePrincipal_be766538-fcf6-4c43-a4ee-6b0d8c6724b5","Set Company Information.",,,"No","No","No","No","No"
"5/12/2026 5:33:56 PM","SeungHunJeong@democompany1016.onmicrosoft.com","Update domain.",,,"No","No","No","No","No"
"5/12/2026 5:33:56 PM","ServicePrincipal_be766538-fcf6-4c43-a4ee-6b0d8c6724b5","Set Company Information.",,,"No","No","No","No","No"
"5/12/2026 5:31:50 PM","SeungHunJeong@democompany1016.onmicrosoft.com","New-DkimSigningConfigSelectorCnames",,,"No","No","No","No","No"
"5/12/2026 5:31:45 PM","ServicePrincipal_be766538-fcf6-4c43-a4ee-6b0d8c6724b5","Set Company Information.",,,"No","No","No","No","No"
"5/12/2026 5:31:37 PM","NT SERVICE\MSExchangeAdminApiNetCore (Microsoft.Exchange.AdminApi.NetCore)","Set-AcceptedDomain",,,"No","No","No","No","No"
"5/12/2026 5:31:32 PM","NT SERVICE\MSExchangeAdminApiNetCore (Microsoft.Exchange.AdminApi.NetCore)","Add-FederatedDomain",,,"No","No","No","No","No"
"5/12/2026 5:31:32 PM","NT SERVICE\MSExchangeAdminApiNetCore (Microsoft.Exchange.AdminApi.NetCore)","New-AcceptedDomain",,,"No","No","No","No","No"
"5/12/2026 5:31:19 PM","ServicePrincipal_be766538-fcf6-4c43-a4ee-6b0d8c6724b5","Set Company Information.",,,"No","No","No","No","No"
"5/12/2026 5:31:19 PM","ServicePrincipal_be766538-fcf6-4c43-a4ee-6b0d8c6724b5","Add verified domain.",,,"No","No","No","No","No"
"5/12/2026 5:30:56 PM","ServicePrincipal_be766538-fcf6-4c43-a4ee-6b0d8c6724b5","Set Company Information.",,,"No","No","No","No","No"
"5/12/2026 5:30:56 PM","ServicePrincipal_be766538-fcf6-4c43-a4ee-6b0d8c6724b5","Set Company Information.",,,"No","No","No","No","No"
"5/12/2026 5:30:55 PM","SeungHunJeong@democompany1016.onmicrosoft.com","Add unverified domain.",,,"No","No","No","No","No"
"5/12/2026 12:30:27 PM","seunghunjeong@democompany1016.onmicrosoft.com","UserLoggedIn",,,"No","No","No","No","No"
"5/12/2026 12:30:14 PM","seunghunjeong@democompany1016.onmicrosoft.com","UserLoggedIn",,,"No","No","No","No","No"
"5/12/2026 12:30:10 PM","seunghunjeong@democompany1016.onmicrosoft.com","UserLoggedIn",,,"No","No","No","No","No"
"5/12/2026 12:30:06 PM","seunghunjeong@democompany1016.onmicrosoft.com","UserLoggedIn",,,"No","No","No","No","No"
"5/12/2026 12:30:06 PM","0cda8d96-61ae-4c67-99db-f849200b1dea","UserLoggedIn",,,"No","No","No","No","No"
"5/12/2026 12:30:04 PM","Not Available","UserLoggedIn",,,"No","No","No","No","No"
"5/12/2026 12:30:03 PM","Not Available","UserLoggedIn",,,"No","No","No","No","No"
"5/12/2026 12:30:01 PM","Not Available","UserLoggedIn",,,"No","No","No","No","No"
"5/12/2026 12:30:00 PM","Not Available","UserLoggedIn",,,"No","No","No","No","No"
"5/12/2026 12:29:59 PM","Not Available","UserLoggedIn",,,"No","No","No","No","No"
"5/12/2026 12:29:58 PM","Not Available","UserLoggedIn",,,"No","No","No","No","No"
"5/12/2026 12:29:57 PM","Not Available","UserLoggedIn",,,"No","No","No","No","No"
"5/12/2026 12:29:56 PM","Not Available","UserLoggedIn",,,"No","No","No","No","No"
"5/12/2026 12:29:54 PM","Not Available","UserLoggedIn",,,"No","No","No","No","No"
"5/12/2026 12:29:53 PM","seunghunjeong@democompany1016.onmicrosoft.com","UserLoginFailed",,,"No","No","No","No","No"
"5/12/2026 6:10:07 AM","ServicePrincipal_aa238db1-1abf-41fb-825d-90f5e5c8d49f","Update agreement.",,,"No","No","No","No","No"
"5/12/2026 12:31:42 AM","NT SERVICE\MSExchangeServiceHostNetCore (Microsoft.Exchange.ServiceHost)","Set-ConditionalAccessPolicy",,,"No","No","No","No","No"
"5/12/2026 12:31:42 AM","NT SERVICE\MSExchangeServiceHostNetCore (Microsoft.Exchange.ServiceHost)","Set-ConditionalAccessPolicy",,,"No","No","No","No","No"
"5/12/2026 12:30:30 AM","NT SERVICE\MSExchangeServiceHostNetCore (Microsoft.Exchange.ServiceHost)","Set-ConditionalAccessPolicy",,,"No","No","No","No","No"
"5/11/2026 6:02:59 PM","ServicePrincipal_aa238db1-1abf-41fb-825d-90f5e5c8d49f","Update agreement.",,,"No","No","No","No","No"
"5/11/2026 4:08:21 PM","seunghunjeong@democompany1016.onmicrosoft.com","UserLoggedIn",,,"No","No","No","No","No"
"5/11/2026 4:07:46 PM","seunghunjeong@democompany1016.onmicrosoft.com","UserLoggedIn",,,"No","No","No","No","No"
"5/11/2026 3:31:27 PM","ServicePrincipal_45309e29-fb96-4ca4-a11c-5d1bd8b54cae","Add service principal.",,,"No","No","No","No","No"
"5/11/2026 3:31:27 PM","ServicePrincipal_45309e29-fb96-4ca4-a11c-5d1bd8b54cae","Add service principal.",,,"No","No","No","No","No"
"5/11/2026 3:31:26 PM","ServicePrincipal_45309e29-fb96-4ca4-a11c-5d1bd8b54cae","Add service principal.",,,"No","No","No","No","No"
"5/11/2026 3:23:56 PM","ServicePrincipal_45309e29-fb96-4ca4-a11c-5d1bd8b54cae","Add service principal.",,,"No","No","No","No","No"
"5/11/2026 3:23:56 PM","ServicePrincipal_45309e29-fb96-4ca4-a11c-5d1bd8b54cae","Add service principal.",,,"No","No","No","No","No"
"5/11/2026 3:23:56 PM","ServicePrincipal_45309e29-fb96-4ca4-a11c-5d1bd8b54cae","Add service principal.",,,"No","No","No","No","No"
"5/11/2026 3:23:56 PM","ServicePrincipal_45309e29-fb96-4ca4-a11c-5d1bd8b54cae","Add service principal.",,,"No","No","No","No","No"
"5/11/2026 3:23:56 PM","ServicePrincipal_45309e29-fb96-4ca4-a11c-5d1bd8b54cae","Add service principal.",,,"No","No","No","No","No"
"5/11/2026 3:23:56 PM","ServicePrincipal_45309e29-fb96-4ca4-a11c-5d1bd8b54cae","Add service principal.",,,"No","No","No","No","No"
"5/11/2026 3:23:56 PM","ServicePrincipal_45309e29-fb96-4ca4-a11c-5d1bd8b54cae","Add service principal.",,,"No","No","No","No","No"
"5/11/2026 3:23:56 PM","ServicePrincipal_45309e29-fb96-4ca4-a11c-5d1bd8b54cae","Add service principal.",,,"No","No","No","No","No"
"5/11/2026 3:23:56 PM","ServicePrincipal_45309e29-fb96-4ca4-a11c-5d1bd8b54cae","Add service principal.",,,"No","No","No","No","No"
"5/11/2026 3:23:56 PM","ServicePrincipal_45309e29-fb96-4ca4-a11c-5d1bd8b54cae","Add service principal.",,,"No","No","No","No","No"
"5/11/2026 3:23:56 PM","ServicePrincipal_45309e29-fb96-4ca4-a11c-5d1bd8b54cae","Add service principal.",,,"No","No","No","No","No"
"5/11/2026 3:23:56 PM","ServicePrincipal_45309e29-fb96-4ca4-a11c-5d1bd8b54cae","Add service principal.",,,"No","No","No","No","No"
"5/11/2026 3:23:56 PM","ServicePrincipal_45309e29-fb96-4ca4-a11c-5d1bd8b54cae","Add service principal.",,,"No","No","No","No","No"
"5/11/2026 3:23:56 PM","ServicePrincipal_45309e29-fb96-4ca4-a11c-5d1bd8b54cae","Add service principal.",,,"No","No","No","No","No"
"5/11/2026 3:23:56 PM","ServicePrincipal_45309e29-fb96-4ca4-a11c-5d1bd8b54cae","Add service principal.",,,"No","No","No","No","No"
"5/11/2026 3:23:56 PM","ServicePrincipal_45309e29-fb96-4ca4-a11c-5d1bd8b54cae","Add service principal.",,,"No","No","No","No","No"
"5/11/2026 3:23:55 PM","ServicePrincipal_45309e29-fb96-4ca4-a11c-5d1bd8b54cae","Add service principal.",,,"No","No","No","No","No"
"5/11/2026 3:23:55 PM","ServicePrincipal_45309e29-fb96-4ca4-a11c-5d1bd8b54cae","Add service principal.",,,"No","No","No","No","No"
"5/11/2026 3:23:55 PM","ServicePrincipal_45309e29-fb96-4ca4-a11c-5d1bd8b54cae","Add service principal.",,,"No","No","No","No","No"
"5/11/2026 3:23:55 PM","ServicePrincipal_45309e29-fb96-4ca4-a11c-5d1bd8b54cae","Add service principal.",,,"No","No","No","No","No"
"5/11/2026 3:23:55 PM","ServicePrincipal_45309e29-fb96-4ca4-a11c-5d1bd8b54cae","Add service principal.",,,"No","No","No","No","No"
"5/11/2026 3:23:55 PM","ServicePrincipal_45309e29-fb96-4ca4-a11c-5d1bd8b54cae","Add service principal.",,,"No","No","No","No","No"
"5/11/2026 3:23:55 PM","ServicePrincipal_45309e29-fb96-4ca4-a11c-5d1bd8b54cae","Add service principal.",,,"No","No","No","No","No"
"5/11/2026 3:23:55 PM","ServicePrincipal_45309e29-fb96-4ca4-a11c-5d1bd8b54cae","Add service principal.",,,"No","No","No","No","No"
"5/11/2026 3:23:55 PM","ServicePrincipal_45309e29-fb96-4ca4-a11c-5d1bd8b54cae","Add service principal.",,,"No","No","No","No","No"
"5/11/2026 3:23:55 PM","ServicePrincipal_45309e29-fb96-4ca4-a11c-5d1bd8b54cae","Add service principal.",,,"No","No","No","No","No"
"5/11/2026 3:23:55 PM","ServicePrincipal_45309e29-fb96-4ca4-a11c-5d1bd8b54cae","Add service principal.",,,"No","No","No","No","No"
"5/11/2026 3:23:55 PM","ServicePrincipal_45309e29-fb96-4ca4-a11c-5d1bd8b54cae","Add service principal.",,,"No","No","No","No","No"
"5/11/2026 3:23:55 PM","ServicePrincipal_45309e29-fb96-4ca4-a11c-5d1bd8b54cae","Add service principal.",,,"No","No","No","No","No"
"5/11/2026 3:23:55 PM","ServicePrincipal_45309e29-fb96-4ca4-a11c-5d1bd8b54cae","Add service principal.",,,"No","No","No","No","No"
"5/11/2026 3:23:55 PM","ServicePrincipal_45309e29-fb96-4ca4-a11c-5d1bd8b54cae","Add service principal.",,,"No","No","No","No","No"
"5/11/2026 3:23:55 PM","ServicePrincipal_45309e29-fb96-4ca4-a11c-5d1bd8b54cae","Add service principal.",,,"No","No","No","No","No"
"5/11/2026 3:23:55 PM","ServicePrincipal_45309e29-fb96-4ca4-a11c-5d1bd8b54cae","Add service principal.",,,"No","No","No","No","No"
"5/11/2026 3:23:55 PM","ServicePrincipal_45309e29-fb96-4ca4-a11c-5d1bd8b54cae","Add service principal.",,,"No","No","No","No","No"
"5/11/2026 2:17:08 PM","ServicePrincipal_45309e29-fb96-4ca4-a11c-5d1bd8b54cae","Add service principal.",,,"No","No","No","No","No"
"5/11/2026 2:10:05 PM","ServicePrincipal_45309e29-fb96-4ca4-a11c-5d1bd8b54cae","Add service principal.",,,"No","No","No","No","No"
"5/11/2026 2:10:05 PM","ServicePrincipal_45309e29-fb96-4ca4-a11c-5d1bd8b54cae","Add service principal.",,,"No","No","No","No","No"
"5/11/2026 2:10:05 PM","ServicePrincipal_45309e29-fb96-4ca4-a11c-5d1bd8b54cae","Add service principal.",,,"No","No","No","No","No"
"5/11/2026 2:10:05 PM","ServicePrincipal_45309e29-fb96-4ca4-a11c-5d1bd8b54cae","Add service principal.",,,"No","No","No","No","No"
"5/11/2026 2:10:05 PM","ServicePrincipal_45309e29-fb96-4ca4-a11c-5d1bd8b54cae","Add service principal.",,,"No","No","No","No","No"
"5/11/2026 2:10:05 PM","ServicePrincipal_45309e29-fb96-4ca4-a11c-5d1bd8b54cae","Add service principal.",,,"No","No","No","No","No"
"5/11/2026 2:10:05 PM","ServicePrincipal_45309e29-fb96-4ca4-a11c-5d1bd8b54cae","Add service principal.",,,"No","No","No","No","No"
"5/11/2026 2:10:04 PM","ServicePrincipal_45309e29-fb96-4ca4-a11c-5d1bd8b54cae","Add service principal.",,,"No","No","No","No","No"
"5/11/2026 2:10:04 PM","ServicePrincipal_45309e29-fb96-4ca4-a11c-5d1bd8b54cae","Add service principal.",,,"No","No","No","No","No"
"5/11/2026 2:10:04 PM","ServicePrincipal_45309e29-fb96-4ca4-a11c-5d1bd8b54cae","Add service principal.",,,"No","No","No","No","No"
"5/11/2026 2:10:04 PM","ServicePrincipal_45309e29-fb96-4ca4-a11c-5d1bd8b54cae","Add service principal.",,,"No","No","No","No","No"
"5/11/2026 2:10:04 PM","ServicePrincipal_45309e29-fb96-4ca4-a11c-5d1bd8b54cae","Add service principal.",,,"No","No","No","No","No"
"5/11/2026 2:10:04 PM","ServicePrincipal_45309e29-fb96-4ca4-a11c-5d1bd8b54cae","Add service principal.",,,"No","No","No","No","No"
"5/11/2026 2:10:04 PM","ServicePrincipal_45309e29-fb96-4ca4-a11c-5d1bd8b54cae","Add service principal.",,,"No","No","No","No","No"
"5/11/2026 2:10:04 PM","ServicePrincipal_45309e29-fb96-4ca4-a11c-5d1bd8b54cae","Add service principal.",,,"No","No","No","No","No"
"5/11/2026 1:22:22 PM","seunghunjeong@democompany1016.onmicrosoft.com","UserLoggedIn",,,"No","No","No","No","No"
"5/11/2026 12:58:24 PM","Certificate","Update service principal.",,,"No","No","No","No","No"
"5/11/2026 12:50:20 PM","seunghunjeong@democompany1016.onmicrosoft.com","UserLoggedIn",,,"No","No","No","No","No"
"5/11/2026 12:50:13 PM","seunghunjeong@democompany1016.onmicrosoft.com","UserLoggedIn",,,"No","No","No","No","No"
"5/11/2026 12:49:58 PM","SeungHunJeong@democompany1016.onmicrosoft.com","AppInstalled",,,"No","No","No","No","No"
"5/11/2026 12:49:58 PM","ServicePrincipal_496c9348-9051-4db9-be7c-12537cffcc86","Add service principal.",,,"No","No","No","No","No"
"5/11/2026 12:49:58 PM","SeungHunJeong@democompany1016.onmicrosoft.com","AppInstalled",,,"No","No","No","No","No"
"5/11/2026 12:49:57 PM","seunghunjeong@democompany1016.onmicrosoft.com","FolderModified",,,"No","No","No","No","No"
"5/11/2026 12:49:57 PM","seunghunjeong@democompany1016.onmicrosoft.com","FolderModified",,,"No","No","No","No","No"
"5/11/2026 12:49:56 PM","seunghunjeong@democompany1016.onmicrosoft.com","FolderCreated",,,"No","No","No","No","No"
"5/11/2026 12:49:56 PM","seunghunjeong@democompany1016.onmicrosoft.com","FolderCreated",,,"No","No","No","No","No"
"5/11/2026 12:49:49 PM","seunghunjeong@democompany1016.onmicrosoft.com","UserLoggedIn",,,"No","No","No","No","No"
"5/11/2026 12:49:49 PM","seunghunjeong@democompany1016.onmicrosoft.com","UserLoggedIn",,,"No","No","No","No","No"
"5/11/2026 12:49:35 PM","seunghunjeong@democompany1016.onmicrosoft.com","UserLoggedIn",,,"No","No","No","No","No"
"5/11/2026 12:49:35 PM","ServicePrincipal_847fac5c-6e83-4dad-a0e0-ebf1bbd6dd9f","Update user.",,,"No","No","No","No","No"
"5/11/2026 12:49:35 PM","0cda8d96-61ae-4c67-99db-f849200b1dea","UserLoggedIn",,,"No","No","No","No","No"
"5/11/2026 12:49:33 PM","Not Available","UserLoggedIn",,,"No","No","No","No","No"
"5/11/2026 12:49:32 PM","Not Available","UserLoggedIn",,,"No","No","No","No","No"
"5/11/2026 12:49:31 PM","Not Available","UserLoggedIn",,,"No","No","No","No","No"
"5/11/2026 12:49:30 PM","Not Available","UserLoggedIn",,,"No","No","No","No","No"
"5/11/2026 12:49:28 PM","Not Available","UserLoggedIn",,,"No","No","No","No","No"
"5/11/2026 12:49:27 PM","Not Available","UserLoggedIn",,,"No","No","No","No","No"
"5/11/2026 12:49:26 PM","Not Available","UserLoggedIn",,,"No","No","No","No","No"
"5/11/2026 12:49:23 PM","seunghunjeong@democompany1016.onmicrosoft.com","UserLoginFailed",,,"No","No","No","No","No"
"5/11/2026 12:49:18 PM","seunghunjeong@democompany1016.onmicrosoft.com","UserLoginFailed",,,"No","No","No","No","No"
"5/11/2026 5:54:31 AM","ServicePrincipal_aa238db1-1abf-41fb-825d-90f5e5c8d49f","Update agreement.",,,"No","No","No","No","No"
"5/11/2026 1:30:17 AM","NT SERVICE\MSExchangeServiceHostNetCore (Microsoft.Exchange.ServiceHost)","Set-ConditionalAccessPolicy",,,"No","No","No","No","No"
"5/11/2026 1:30:16 AM","NT SERVICE\MSExchangeServiceHostNetCore (Microsoft.Exchange.ServiceHost)","Set-ConditionalAccessPolicy",,,"No","No","No","No","No"
"5/11/2026 1:29:22 AM","NT SERVICE\MSExchangeServiceHostNetCore (Microsoft.Exchange.ServiceHost)","Set-ConditionalAccessPolicy",,,"No","No","No","No","No"
"5/10/2026 5:47:34 PM","ServicePrincipal_aa238db1-1abf-41fb-825d-90f5e5c8d49f","Update agreement.",,,"No","No","No","No","No"
"5/10/2026 6:52:44 AM","NT SERVICE\MSExchangeServiceHostNetCore (Microsoft.Exchange.ServiceHost)","Set-ConditionalAccessPolicy",,,"No","No","No","No","No"
"5/10/2026 6:52:43 AM","NT SERVICE\MSExchangeServiceHostNetCore (Microsoft.Exchange.ServiceHost)","Set-ConditionalAccessPolicy",,,"No","No","No","No","No"
"5/10/2026 6:51:37 AM","NT SERVICE\MSExchangeServiceHostNetCore (Microsoft.Exchange.ServiceHost)","Set-ConditionalAccessPolicy",,,"No","No","No","No","No"
"5/10/2026 5:40:38 AM","ServicePrincipal_aa238db1-1abf-41fb-825d-90f5e5c8d49f","Update agreement.",,,"No","No","No","No","No"
"5/9/2026 5:33:06 PM","ServicePrincipal_aa238db1-1abf-41fb-825d-90f5e5c8d49f","Update agreement.",,,"No","No","No","No","No"
"5/9/2026 1:09:58 PM","Certificate","Update service principal.",,,"No","No","No","No","No"
"5/9/2026 5:25:00 AM","ServicePrincipal_aa238db1-1abf-41fb-825d-90f5e5c8d49f","Update agreement.",,,"No","No","No","No","No"
"5/8/2026 5:15:47 PM","ServicePrincipal_aa238db1-1abf-41fb-825d-90f5e5c8d49f","Update agreement.",,,"No","No","No","No","No"
"5/8/2026 5:09:32 AM","ServicePrincipal_aa238db1-1abf-41fb-825d-90f5e5c8d49f","Update agreement.",,,"No","No","No","No","No"
